12.10.2021;Liste over politisk eksponerede personer jf. hvidvasklovens § 18, stk. 7, jf. § 2, stk. 1, nr. 8, litra a-h;;;;;;;;;;;
;Navn;;Stillingsbetegnelse ;Fødselsdato;Tilføjet på PEP-listen (dato);Ny på PEP-listen (x);;;;;;
Statschef, regeringschef, minister og viceminister eller ass. minister, jf. § 2, stk. 1, nr. 8 litra a;;;;;;;;;;;;
;Frederiksen;Mette;Statsminister ;19.11.1977;09.07.2019;;;;;;;
;Kofod;Jeppe;Udenrigsminister;14.03.1974;09.07.2019;;;;;;;
 ;Hækkerup;Nick ;Justitsminister;03.04.1968;09.07.2019;;;;;;;
;Wammen;Nicolai Halby;Finansminister;07.02.1971;09.07.2019;;;;;;;
;Bramsen;Trine;Forsvarsminister;26.03.1981;09.07.2019;;;;;;;
;Krag;Astrid;Social- og indenrigsminister;17.11.1982;09.07.2019;;;;;;;
;Mortensen;Flemming Møller;Minister for udviklingssamarbejde og Nordisk Samarbejde;03.07.1963;16.08.2021;;;;;;;
 ;Hummelgaard;Peter ;Beskæftigelsesminister;17.01.1983;09.07.2019;;;;;;;
;Tesfaye;Mattias;Udlændinge- og Integrationsminister;31.03.1981;09.07.2019;;;;;;;
;Petersen;Jesper;Uddannelses- og Forskningsminister;25.08.1981;24.08.2021;;;;;;;
;Jørgensen;Dan;Klima-, Energi- og Forsyningsminister;12.06.1975;09.07.2019;;;;;;;
;Bødskov;Morten;Skatteminister;01.05.1970;09.07.2019;;;;;;;
 ;Rosenkrantz-Theil;Pernille ;Børne- og undervisningsminister;17.01.1977;09.07.2019;;;;;;;
;Halsboe-Jørgensen;Ane;Kultur og Kirkeminister;04.05.1983;24.08.2021;;;;;;;
 ;Engelbrecht;Benny;Transportminister;04.08.1970;10.07.2019;;;;;;;
 ;Bek;Kaare Dybvad;Boligminister;05.08.1984;10.07.2019;;;;;;;
;Heunicke;Magnus Johannes;Sundheds- og ældreminister;28.01.1975;09.07.2019;;;;;;;
;Wermelin;Lea ;Miljøminister;10.05.1985;09.07.2019;;;;;;;
 ;Prehn;Rasmus;Minister for fødevarer, fiskeri og ligestilling og minister for nordisk samarbejde;18.06.1973;09.09.2021;;;;;;;
;Kollerup;Simon;Erhvervsminister ;20.05.1986;27.06.2019;;;;;;;
Departementschefer ;;;;;;;;;;;;
;Bæk;Morten;Forsvarsministeriet, departementschef;25.06.1973;04.08.2021;;;;;;;
;Bertelsen ;Barbara ;Statsministeriet, departementschef;24.09.1973;13.01.2020;;;;;;;
;Brøchner;Jens;Skatteministeriet, departementschef;16.08.1972;29.12.2017;;;;;;;
;Bæk;Morten;Energi-, forsynings- og klimaministeriet, dep.chef;25.06.1973;19.07.2018;;;;;;;
;Christensen;Christian Dons;Kirkeministeriet, departementschef;10.02.1969;29.12.2017;;;;;;;
;Dithmer;Michael;Erhvervsministeriet, departementschef;18.02.1954;29.12.2017;;;;;;;
;Garfiel;Sophus;Social- og Indenrigsministeriet, departem.chef;06.11.1968;29.12.2017;;;;;;;
;Hansen;Birgitte;Børn - og Undervisningsministeriet, departementschef;02.04.1966;03.04.2020;;;;;;;
;Heinsen;Jacob;Transport- og Boligministeriet, departementschef;30.11.1964;29.12.2017;;;;;;;
;Mikkelsen ;Pernille Breinholdt;Udlændinge- og Integrationsministeriet, dep.chef;26.08.1969;05.10.2021;;;;;;;
;Jensen;Jakob;Beskæftigelsesministeriet, departementschef;06.11.1974;29.12.2017;;;;;;;
;Legarth;Johan Kristian  ;Justitsministeriet, departementschef;24.12.1974;30.04.2020;;;;;;;
;Lose ;Lars Gert;Udenrigsministeriet, departementschef;17.12.1969;02.04.2019;;;;;;;
;Meldgaard;Hanne ;Uddannelses- og Forskningsministeriet, dep.chef;06.10.1977;19.05.2020;;;;;;;
;Mortensen;Flemming Møller;Minister for udviklingssamarbejde og Nordisk Samarbejde;03.07.1963;16.03.2021;;;;;;;
;Mørch;Peter Stensgaard;Finansministeriet, departementschef;09.09.1975;14.08.2020;;;;;;;
;Nøhr Andersen;Dorte;Kulturministeriet, departementschef;17.01.1975;28.09.2020;;;;;;;
;Studsgaard;Henrik;Miljø- og Fødevareministeriet, departementschef;11.07.1963;29.12.2017;;;;;;;
;Særkjær ;Svend;Sundheds- og Ældreministeriet, departementschef;26.02.1968;11.01.2021;;;;;;;
Parlamentsmedlem eller medlem af et tilsvarende organ, jf. § 2, stk. 1, nr. 8, litra b;;;;;;;;;;;;
Medlemmer af Folketinget;;;;;;;;;;;;
;Auken;Ida;Socialdemokratiet;22.04.1978;04.02.2021;;;;;;;
;Bek;Kaare Dybvad;Socialdemokratiet;05.08.1984;29.12.2017;;;;;;;
;Bramsen;Trine;Socialdemokratiet;26.03.1981;29.12.2017;;;;;;;
;Bressendorff;Brian;Socialdemokratiet (stedfortræder);24.11.1987;11.10.2021;;;;;;;
;Bødskov;Morten;Socialdemokratiet;01.05.1970;29.12.2017;;;;;;;
;Damsbo-Andersen;Lennart;Socialdemokratiet;05.10.1956;29.12.2017;;;;;;;
;Engelbrecht;Benny;Socialdemokratiet;04.08.1970;29.12.2017;;;;;;;
;Fabricius-Jensen ;Camilla;Socialdemokratiet;20.10.1971;25.06.2019;;;;;;;
;Frederiksen;Mette;Socialdemokratiet;19.11.1977;29.12.2017;;;;;;;
;Grandt;Alexander;Socialdemokratiet (stedfortræder);09.09.1989;15.09.2021;;;;;;;
;Halsboe-Jørgensen;Ane;Socialdemokratiet;04.05.1983;23.08.2018;;;;;;;
;Hav;Orla;Socialdemokratiet;03.04.1952;29.12.2017;;;;;;;
;Heunicke;Magnus Johannes;Socialdemokratiet;28.01.1975;29.12.2017;;;;;;;
;Hindborg;Dorthe;Socialdemokratiet;03.01.1968;17.01.2020;;;;;;;
;Hummelgaard;Peter;Socialdemokratiet;17.01.1983;29.12.2017;;;;;;;
;Hækkerup;Nick;Socialdemokratiet;03.04.1968;29.12.2017;;;;;;;
;Jakobsen;Daniel Toft;Socialdemokratiet;12.05.1978;29.12.2017;;;;;;;
;Jensen;Thomas;Socialdemokratiet;19.10.1970;29.12.2017;;;;;;;
;Jensen;Leif Lahn;Socialdemokratiet;29.06.1967;29.12.2017;;;;;;;
;Jensen;Mogens;Socialdemokratiet;31.10.1963;29.12.2017;;;;;;;
;Johansen;Jan ;Socialdemokratiet;12.12.1955;29.12.2017;;;;;;;
;Jørgensen;Dan;Socialdemokratiet;12.06.1975;29.12.2017;;;;;;;
;Kjær;Kasper Sand;Socialdemokratiet;04.05.1989;25.06.2019;;;;;;;
;Kollerup;Simon;Socialdemokratiet;20.05.1986;29.12.2017;;;;;;;
;Krag;Astrid;Socialdemokratiet;17.11.1982;29.12.2017;;;;;;;
;Kristensen;Henrik Dam;Socialdemokratiet;31.01.1957;29.12.2017;;;;;;;
;Kronborg;Anders ;Socialdemokratiet;18.03.1982;25.06.2019;;;;;;;
;Langhoff;Rasmus Horn;Socialdemokratiet;08.10.1980;29.12.2017;;;;;;;
;Larsen;Malte;Socialdemokratiet;19.12.1968;25.06.2019;;;;;;;
;Larsson;Tanja ;Socialdemokratiet;07.07.1977;19.10.2020;;;;;;;
;Laustsen;Bjarne;Socialdemokratiet;09.12.1953;29.12.2017;;;;;;;
;Lind;Annette;Socialdemokratiet;02.06.1969;29.12.2017;;;;;;;
;Madsen;Christian Rabjerg;Socialdemokratiet;24.03.1986;29.12.2017;;;;;;;
;Mortensen;Flemming Møller;Socialdemokratiet;03.07.1963;29.12.2017;;;;;;;
;Møller;Henrik;Socialdemokratiet;16.11.1965;25.06.2019;;;;;;;
;Nielsen;Jens Joel;Socialdemokratiet;12.05.1978;28.02.2020;;;;;;;
;Paulin;Anne;Socialdemokratiet;05.01.1988;01.09.2021;;;;;;;
;Petersen;Jesper;Socialdemokratiet;25.08.1981;29.12.2017;;;;;;;
;Prehn;Rasmus;Socialdemokratiet;18.06.1973;29.12.2017;;;;;;;
;Rasmussen;Lars Aslan;Socialdemokratiet;31.10.1978;29.12.2017;;;;;;;
;Ravn;Troels;Socialdemokratiet;02.08.1961;29.12.2017;;;;;;;
;Rosenkrantz-Theil;Pernille;Socialdemokratiet;17.01.1977;29.12.2017;;;;;;;
;Roug;Kasper;Socialdemokratiet;06.06.1979;25.06.2019;;;;;;;
;Sina;Anne;Socialdemokratiet (stedfortræder);03.04.1987;20.09.2021;;;;;;;
;Skovsby;Julie;Socialdemokratiet;15.11.1978;29.12.2017;;;;;;;
;Stoklund;Rasmus ;Socialdemokratiet;17.03.1984;25.06.2019;;;;;;;
;Tesfaye;Mattias;Socialdemokratiet;31.03.1981;29.12.2017;;;;;;;
;Vind;Birgitte;Socialdemokratiet;13.08.1965;25.06.2019;;;;;;;
;Wammen;Nicolai;Socialdemokratiet;07.02.1971;29.12.2017;;;;;;;
;Wermelin;Lea;Socialdemokratiet;10.05.1985;23.08.2018;;;;;;;
;Adsbøl;Karina;Dansk Folkeparti;28.11.1976;05.10.2020;;;;;;;
;Ahrendtsen;Alex;Dansk Folkeparti;14.02.1967;05.10.2020;;;;;;;
;Bech;Lise;Dansk Folkeparti;16.09.1961;29.12.2017;;;;;;;
;Blixt;Pia Liselott;Dansk Folkeparti;22.02.1965;02.12.2019;;;;;;;
;Bøgsted;Bent;Dansk Folkeparti;04.01.1956;29.12.2017;;;;;;;
;Christensen;René;Dansk Folkeparti;31.10.1970;29.12.2017;;;;;;;
;Dahl;Jens Henrik Thulesen;Dansk Folkeparti;20.07.1961;15.11.2019;;;;;;;
;Dencker;Mette Hjermind;Dansk Folkeparti;24.05.1978;29.12.2017;;;;;;;
;Espersen;Søren;Dansk Folkeparti;20.07.1953;29.12.2017;;;;;;;
;Flydtkjær;Dennis;Dansk Folkeparti;13.03.1978;26.06.2020;;;;;;;
;Kjærsgaard;Pia;Dansk Folkeparti;23.02.1947;29.12.2017;;;;;;;
;Krarup;Marie;Dansk Folkeparti;06.12.1965;15.11.2019;;;;;;;
;Messerschmidt;Morten;Dansk Folkeparti;13.11.1980;25.06.2019;;;;;;;
;Skibby;Hans Kristian;Dansk Folkeparti;18.01.1969;29.12.2017;;;;;;;
;Skaarup;Peter;Dansk Folkeparti;01.05.1964;29.12.2017;;;;;;;
;Ambo-Rasmussen;Marlene;Venstre;14.03.1986;25.06.2019;;;;;;;
;Andersen;Hans;Venstre;01.11.1974;29.12.2017;;;;;;;
;Bank;Heidi;Venstre; 01.08.1972;25.06.2019;;;;;;;
;Bjerre;Marie;Venstre; 06.05.1986;05.05.2021;;;;;;;
;Bonnesen;Erling;Venstre;28.03.1955;29.12.2017;;;;;;;
;Dahlin;Morten;Venstre;01.05.1989;25.06.2019;;;;;;;
;Danielsen;Thomas;Venstre;24.06.1983;30.06.2020;;;;;;;
;Elholm;Louise Schack;Venstre;26.10.1977;29.12.2017;;;;;;;
;Ellemann;Karen;Venstre;26.08.1969;23.08.2018;;;;;;;
;Ellemann-Jensen;Jakob;Venstre;25.09.1973;23.08.2018;;;;;;;
;Frederiksen;Claus Hjort;Venstre;04.09.1947;29.12.2017;;;;;;;
;Fuglede;Mads;Venstre;23.08.1971;25.06.2019;;;;;;;
;Borreskov;Martin Raahauge B. Geertsen;Venstre;16.03.1970;23.08.2018;;;;;;;
;Hansen;Eva Kjer;Venstre;22.08.1964;29.12.2017;;;;;;;
;Heitmann;Jane;Venstre;05.11.1968;29.12.2017;;;;;;;
;Henriksen;Preben Bang;Venstre;11.02.1954;29.12.2017;;;;;;;
;Haarder;Bertel;Venstre;07.09.1944;29.12.2017;;;;;;;
;Jensen;Jacob;Venstre;26.05.1973;29.12.2017;;;;;;;
;Jensen;Michael Aastrup;Venstre;16.03.1976;29.12.2017;;;;;;;
;Juel-Jensen;Peter;Venstre;18.05.1966;29.12.2017;;;;;;;
;Jørgensen;Jan Ejnar;Venstre;19.02.1965;29.12.2017;;;;;;;
;Kissmeyer;Carsten ;Venstre;22.05.1953;02.10.2018;;;;;;;
;Knuth;Stén;Venstre;15.12.1964;25.06.2019;;;;;;;
;Lauritzen;Karsten;Venstre;14.10.1983;29.12.2017;;;;;;;
;Lilleholt;Lars Christian;Venstre;02.03.1965;29.12.2017;;;;;;;
;Lorentzen;Kristian Pihl;Venstre;19.05.1961;29.12.2017;;;;;;;
;Løhde;Sophie;Venstre;11.09.1983;29.12.2017;;;;;;;
;Matthiesen;Anni;Venstre;08.02.1964;29.12.2017;;;;;;;
;Melson;Christoffer Aagaard;Venstre;16.08.1984;25.06.2019;;;;;;;
;Mikkelsen ;Kenneth Dehn ;Venstre;12.08.1971;06.04.2021;;;;;;;
;Nørby;Ellen Trane;Venstre;01.02.1980;29.12.2017;;;;;;;
;Pedersen;Torsten Schack;Venstre;26.06.1976;29.12.2017;;;;;;;
;Poulsen;Troels Lund;Venstre;30.03.1976;23.03.2020;;;;;;;
;Schmidt;Hans Christian;Venstre;25.08.1953;29.12.2017;;;;;;;
;Tørnæs;Ulla;Venstre;04.09.1962;25.06.2019;;;;;;;
;Valentin;Kim ;Venstre;19.03.1963;25.06.2019;;;;;;;
;Willumsen;Gitte;Venstre (stedfortræder);12.02.1967;17.01.2020;;;;;;;
;Øktem;Fatma;Venstre;18.12.1973;25.06.2019;;;;;;;
;Østergaard;Anne Honoré;Venstre;24.01.1981;25.06.2019;;;;;;;
;Rasmussen;Anne;Venstre;14.04.1971;01.09.2021;;;;;;;
;Flyvholm;Eva;Enhedslisten;18.04.1981;06.04.2021;;;;;;;
;Gottlieb;Jette;Enhedslisten;23.09.1948;25.06.2019;;;;;;;
;Hvelplund;Peder;Enhedslisten;08.09.1967;25.06.2019;;;;;;;
;Hyllested;Henning;Enhedslisten;28.02.1954;14.06.2021;;;;;;;
;Juhl;Christian;Enhedslisten;24.02.1953;29.12.2017;;;;;;;
;Lund;Rosa;Enhedslisten;04.12.1986;25.06.2019;;;;;;;
;Lund;Rune;Enhedslisten;30.10.1976;29.12.2017;;;;;;;
;Rasmussen;Søren Egge;Enhedslisten;02.07.1961;29.12.2017;;;;;;;
;Skipper;Pernille;Enhedslisten;10.07.1984;29.12.2017;;;;;;;
;Sølvhøj;Jakob;Enhedslisten;12.09.1954;29.12.2017;;;;;;;
;Søndergaard;Søren;Enhedslisten;16.08.1955;29.12.2017;;;;;;;
;Velasquez;Victoria;Enhedslisten; 18.07.1991;25.06.2019;;;;;;;
;Villadsen;Mai;Enhedslisten; 26.12.1991;25.06.2019;;;;;;;
;Dahl;Henrik;Liberal Alliance;20.02.1960;29.12.2017;;;;;;;
;Olesen;Ole Birk;Liberal Alliance;21.12.1972;29.12.2017;;;;;;;
;Vanopslagh;Alex;Liberal Alliance;17.10.1991;25.06.2019;;;;;;;
;Gejl;Torsten;Alternativet;30.01.1964;13.12.2019;;;;;;;
;Callesen;Anne Sophie;Radikale Venstre;25.12.1988;14.06.2021;;;;;;;
;Thorholm;Christina;Radikale Venstre;11.08.1964;09.09.2021;;;;;;;
;Jelved;Marianne;Radikale Venstre;05.09.1943;29.12.2017;;;;;;;
;Lidegaard;Martin;Radikale Venstre;12.12.1966;29.12.2017;;;;;;;
;Lindgreen;Stinus;Radikale Venstre;09.08.1980;25.06.2019;;;;;;;
;Nawa;Samira;Radikale Venstre; 30.03.1988;25.06.2019;;;;;;;
;Nielsen;Susan Kronborg;Radikale Venstre;05.07.1968;23.06.2021;;;;;;;
;Nielsen;Sofie Carsten;Radikale Venstre;24.05.1975;29.12.2017;;;;;;;
;NIelsen;Susan Kronborg;Radikale Venstre (stedfortræder);05.07.1968;09.11.2020;;;;;;;
;Olldag;Kathrine;Radikale Venstre;20.12.1972;25.06.2019;;;;;;;
;Petersen;Rasmus Helveg;Radikale Venstre;17.06.1968;25.06.2019;;;;;;;
;Robsøe;Katrine;Radikale Venstre;21.06.1991;25.06.2019;;;;;;;
;Rod;Lotte;Radikale Venstre ;10.06.1985;13.07.2020;;;;;;;
;Stampe;Zenia;Radikale Venstre;30.03.1979;29.12.2017;;;;;;;
;Steenberg;Andreas;Radikale Venstre;22.07.1983;29.12.2017;;;;;;;
;Andersen;Kirsten Normann;Socialistisk Folkeparti ;28.04.1962;29.12.2017;;;;;;;
;Bech-Nielsen;Lisbeth ;Socialistisk Folkeparti;01.12.1982;03.08.2021;;;;;;;
;Berthelsen;Anne Valentina;Socialistisk Folkeparti;16.09.1994;25.06.2019;;;;;;;
;Brændemose;Anna ;Socialistisk Folkeparti (stedfortræder);03.08.1993;12.03.2020;;;;;;;
;Carøe;Astrid;Socialistisk Folkeparti;12.07.1994;25.06.2019;;;;;;;
;Dehnhardt;Karina Lorentzen;Socialistisk Folkeparti;26.10.1973;25.06.2019;;;;;;;
;Dyhr;Pia Olsen;Socialistisk Folkeparti;30.11.1971;29.12.2017;;;;;;;
;Filsø;Karsten;Socialistisk Folkeparti (stedfortræder);07.09.1959;11.10.2021;;;;;;;
;Hønge;Karsten;Socialistisk Folkeparti;25.09.1958;29.12.2017;;;;;;;
;Mark;Jacob;Socialistisk Folkeparti;16.10.1991;29.12.2017;;;;;;;
;Nordqvist;Rasmus;Socialistisk Folkeparti;18.07.1975;09.03.2020;;;;;;;
;Oguz;Halime;Socialistisk Folkeparti;15.06.1970;18.11.2019;;;;;;;
;Strøjer-Schmidt;Ina;Socialistisk Folkeparti;20.09.1988;25.06.2019;;;;;;;
;Torp;Trine;Socialistisk Folkeparti;18.02.1970;29.12.2017;;;;;;;
;Valentin;Carl;Socialistisk Folkeparti;11.03.1992;25.06.2019;;;;;;;
;Abildgaard;Mette;Det Konservative Folkeparti;12.10.1988;31.03.2021;;;;;;;
;Ammitzbøll;Katarina;Det Konservative Folkeparti;15.07.1969;25.06.2019;;;;;;;
;Jerkel;Brigitte Klintskov;Det Konservative Folkeparti;21.07.1969;01.09.2021;;;;;;;
;Bager;Britt;Det Konservative Folkeparti;16.08.1976;31.03.2021;;;;;;;
;Bergman;Birgitte;Det Konservative Folkeparti;13.01.1967;25.06.2019;;;;;;;
;Hansen;Niels Flemming;Det Konservative Folkeparti;16.05.1974;25.06.2019;;;;;;;
;Jarlov;Rasmus;Det Konservative Folkeparti;29.04.1977;05.05.2021;;;;;;;
;Juul;Mona;Det Konservative Folkeparti;20.09.1967;25.06.2019;;;;;;;
;Knuth;Marcus;Det Konservative Folkeparti;02.04.1976;29.12.2017;;;;;;;
;Larsen;Per;Det Konservative Folkeparti;27.06.1965;25.06.2019;;;;;;;
;Mercado;Mai;Det Konservative Folkeparti;20.08.1980;29.12.2017;;;;;;;
;Poulsen;Søren Pape;Det Konservative Folkeparti;31.12.1971;29.12.2017;;;;;;;
;Christensen;Peter Seier;Nye Borgerlige;30.12.1967;25.06.2019;;;;;;;
;Mathiesen;Lars Boje;Nye Borgerlige;21.05.1975;25.06.2019;;;;;;;
;Thiesen;Mette;Nye Borgerlige;20.12.1981;25.06.2019;;;;;;;
;Vermund;Pernille;Nye Borgerlige;03.12.1975;25.06.2019;;;;;;;
;Høegh-Dam;Aki-Matilda;Grøndland, Siumut;17.10.1996;25.06.2019;;;;;;;
;Larsen;Aaja Chemnitz;Grønland, Inuit Ataqatigiit;02.12.1977;29.12.2017;;;;;;;
;Joensen;Edmund;Færøerne, Sambandsflokkurin;19.09.1944;13.11.2020;;;;;;;
;Skaale;Sjúrður ;Færøerne, Javnaðarflokkurin;08.03.1967;26.05.2021;;;;;;;
;Rohde;Jens;Kristendemokraterne;18.04.1970;05.05.2021;;;;;;;
;Ammitzbøll-Bille ;Simon Emil ;Uden for parti;20.10.1977;23.10.2019;;;;;;;
;Elbæk;Uffe;Uden for parti;15.06.1954;09.03.2020;;;;;;;
;Rasmussen;Lars Løkke;Uden for parti;15.05.1964;01.01.2021;;;;;;;
;Siddique;Sikandar;Uden for parti;04.10.1986;09.03.2020;;;;;;;
;Zimmer;Susanne;Uden for parti;09.06.1960;09.03.2020;;;;;;;
;Støjberg;Inger;Uden for parti;16.03.1973;29.12.2017;;;;;;;
;Østerby;Orla;Uden for parti;29.02.1952;03.12.2020;;;;;;;
Medlemmer af Europaparlamentet;;;;;;;;;;;;
;Fuglsang ;Niels ;Socialdemokratiet;29.06.1985;19.10.2020;;;;;;;
;Schaldemose;Christel;Socialdemokratiet;04.08.1967;29.12.2017;;;;;;;
;Vind;Marianne ;Socialdemokratiet;03.12.1970;19.10.2020;;;;;;;
;Petersen;Morten Helveg;Radikale Venstre;14.09.1966;29.12.2017;;;;;;;
;Melchior;Karen;Radikale Venstre;15.10.1980;11.11.2019;;;;;;;
;Auken;Margrete;Socialistisk Folkeparti;06.01.1945;29.12.2017;;;;;;;
;Peter-Hansen;Kira Marie;Socialistisk Folkeparti;23.02.1998;02.11.2020;;;;;;;
;Kofod;Peter;Dansk Folkeparti;27.02.1990;03.10.2019;;;;;;;
;Løkkegaard;Morten;Venstre;20.12.1964;29.12.2017;;;;;;;
;Gade;Søren;Venstre;27.01.1963;08.08.2019;;;;;;;
;Christensen;Asger;Venstre;08.01.1958;08.08.2019;;;;;;;
;Søgaard-Lidell;Linea;Venstre;30.03.1987;02.11.2020;;;;;;;
;Weiss;Pernille;Det Konservative Folkeparti;12.03.1968;02.11.2020;;;;;;;
;Villumsen;Nikolaj Barslund;Enhedslisten;28.02.1983;02.11.2020;;;;;;;
Medlemmer af partiernes styrelsesorganer, jf. § 2, stk. 1, nr. 8, litra c;;;;;;;;;;;;
;Andersen;Inge Kjær;Socialdemokratiet;18.01.1977;29.12.2017;;;;;;;
;Ankler;Jan;Socialdemokratiet;15.06.1948;29.12.2017;;;;;;;
;Astman ;Ulla;Socialdemokratiet;05.04.1970;19.10.2020;;;;;;;
;Beck;Niels Ole;Socialdemokratiet;14.03.1957;29.12.2017;;;;;;;
;Brønfeld;Hans ;Socialdemokratiet;04.08.1948;29.12.2017;;;;;;;
;Bundsgaard;Jacob ;Socialdemokratiet;28.02.1976;29.12.2017;;;;;;;
;Christensen;Jan Juul;Socialdemokratiet;24.10.1969;29.12.2017;;;;;;;
;Frederiksen;Mette;Socialdemokratiet;19.11.1977;29.12.2017;;;;;;;
;Gravesen;Jette Buus;Socialdemokratiet;08.05.1950;29.12.2017;;;;;;;
;Hansen;Bjarne Kaspersen;Socialdemokratiet;05.10.1944;29.12.2017;;;;;;;
;Hansen;Per Gravgaard;Socialdemokratiet;27.07.1959;29.12.2017;;;;;;;
;Heunecke;Poul Erik Skov;Socialdemokratiet;12.04.1951;29.12.2017;;;;;;;
;Hjort ;Jan;Socialdemokratiet;28.03.1955;18.05.2021;;;;;;;
;Jensen;Mogens;Socialdemokratiet;31.10.1963;29.12.2017;;;;;;;
;Just Pedersen ;Erik ;Socialdemokratiet;11.01.1954;19.10.2020;;;;;;;
;Kristensen;Jan Salling;Socialdemokratiet;01.01.1968;29.12.2017;;;;;;;
;Krzyrosiak Hansen ;Christina ;Socialdemokratiet;24.11.1992;19.10.2020;;;;;;;
;Lange;Lise Lotte;Socialdemokratiet;29.07.1966;29.12.2017;;;;;;;
;Lind;Annette ;Socialdemokratiet;02.06.1969;19.10.2020;;;;;;;
;Marker;Ida;Socialdemokratiet;22.03.1958;29.12.2017;;;;;;;
;Mortensen ;Flemming Møller ;Socialdemokratiet;03.07.1963;19.10.2020;;;;;;;
;Nielsen;Frederik Vad;Socialdemokratiet;01.09.1994;29.12.2017;;;;;;;
;Nielsen ;Peter Skriver ;Socialdemokratiet;28.12.1961;18.05.2021;;;;;;;
;Nørhart;Steen Groth;Socialdemokratiet;06.10.1969;03.06.2021;;;;;;;
;Pedersen;Mogens Vestergård;Socialdemokratiet;01.05.1966;29.12.2017;;;;;;;
;Schaldemose ;Christel ;Socialdemokratiet;04.08.1967;19.10.2020;;;;;;;
;Stubberup;Jan;Socialdemokratiet;27.10.1966;29.12.2017;;;;;;;
;Stæhr;Anette;Socialdemokratiet;13.04.1955;29.12.2017;;;;;;;
;Stærke;Marie Borghild;Socialdemokratiet;31.08.1979;23.11.2020;;;;;;;
;Sørensen;Ivan Møller;Socialdemokratiet;23.07.1962;25.04.2018;;;;;;;
;Thomsen;Mads Søndergaard;Socialdemokratiet;20.01.1984;03.06.2021;;;;;;;
;Thorup;Morten;Socialdemokratiet;22.11.1971;29.12.2017;;;;;;;
;Blixt;Pia Liselott;Dansk Folkeparti;22.02.1965;28.06.2020;;;;;;;
;Christensen ;René;Dansk Folkeparti;31.10.1970;03.10.2019;;;;;;;
;Dahl;Kristian Thulesen  ;Dansk Folkeparti;30.07.1969;29.12.2017;;;;;;;
;Ebbesen;Carl Christian;Dansk Folkeparti;31.07.1968;29.12.2017;;;;;;;
;Henriksen;Martin;Dansk Folkeparti;25.01.1980;29.12.2017;;;;;;;
;Vornøe;Jens;Dansk Folkeparti;27.05.1970;05.10.2021;;;;;;;
;Kofod;Peter;Dansk Folkeparti;27.02.1990;08.12.2020;;;;;;;
;Messerschmidt ;Morten ;Dansk Folkeparti;13.11.1980;30.09.2020;;;;;;;
;Skaarup;Peter;Dansk Folkeparti;01.05.1964;29.12.2017;;;;;;;
;Larsen;Merete Dea;Dansk Folkeparti;19.04.1978;05.10.2021;;;;;;;
;Weische ;Tobias Larsen ;Dansk Folkeparti;28.12.1997;05.05.2020;;;;;;;
;Blenker;Morten;Venstre;04.11.1956;12.02.2020;;;;;;;
;Brunse;Mikkel Lyng Rahbek;Venstre;19.08.1974;03.10.2019;;;;;;;
;Christensen;Kenn Risbjerg;Venstre;10.06.1974;29.12.2017;;;;;;;
;Lydolph;Martin L. Damm;Venstre;17.02.1963;29.12.2017;;;;;;;
;Ellemann-Jensen;Jakob;Venstre;25.09.1973;29.12.2017;;;;;;;
;Frederiksen;Claus Hjort;Venstre;04.09.1947;29.12.2017;;;;;;;
;Greve;Hanne Fjeldsø;Venstre;18.05.1967;08.08.2019;;;;;;;
;Gæmelke;Peter;Venstre;07.01.1955;29.12.2017;;;;;;;
;Ive;Jens Bo;Venstre;04.12.1954;29.12.2017;;;;;;;
;Jacquerot;Kate;Venstre;08.12.1968;29.12.2017;;;;;;;
;Jensen;Elo;Venstre;28.11.1957;29.12.2017;;;;;;;
;Jensen;Michael Aastrup;Venstre;16.03.1976;29.12.2017;;;;;;;
;Krarup;Leif;Venstre;30.08.1960;08.08.2019;;;;;;;
;Larsen;Henning;Venstre;29.06.1966;12.02.2020;;;;;;;
;Lauritzen;Karsten;Venstre;14.10.1983;28.06.2020;;;;;;;
;Lose;Stephanie;Venstre;14.12.1982;29.12.2017;;;;;;;
;Løkkegaard;Morten;Venstre;20.12.1964;29.12.2017;;;;;;;
;Madsen;Bo;Venstre;17.07.1950;29.12.2017;;;;;;;
;Madsen;Kristian Lausten;Venstre;18.04.1994;03.10.2019;;;;;;;
;Mallet;Nicolai;Venstre;17.05.1960;29.12.2017;;;;;;;
;Roth;Pernille;Venstre;29.03.1979;08.08.2019;;;;;;;
;Støjberg;Inger;Venstre;16.03.1973;03.10.2019;;;;;;;
;Truelsen;Jakob Bring;Venstre;12.07.1968;08.08.2019;;;;;;;
;Vejlgaard;Jens Nicolai;Venstre;24.05.1972;29.12.2017;;;;;;;
;Ahmad;Allan;Enhedslisten;03.10.1984;29.12.2017;;;;;;;
;Albrechtsen;Maja Wolff;Enhedslisten;30.06.1985;28.08.2018;;;;;;;
;Ammary;Aida;Enhedslisten;27.01.1992;01.12.2020;;;;;;;
;Højsgaard;Claus;Enhedslisten;28.04.1956;16.08.2021;;;;;;;
;Dall;Benny;Enhedslisten;19.02.1956;07.08.2020;;;;;;;
;Demir;Sinem;Enhedslisten;11.04.1992;07.08.2020;;;;;;;
;Dragsted;Pelle;Enhedslisten;13.04.1975;08.06.2018;;;;;;;
;Jerup;Bruno;Enhedslisten;29.09.1957;16.08.2021;;;;;;;
;Hansen ;Astrid Vang ;Enhedslisten;05.08.1987;28.08.2018;;;;;;;
;Hellemann;Frederikke;Enhedslisten;03.08.1991;01.12.2020;;;;;;;
;Henriksen;Trine;Enhedslisten;31.12.1962;07.08.2020;;;;;;;
;Hertoft;Mikael Hemniti;Enhedslisten;26.12.1956;08.06.2018;;;;;;;
;Skipper;Pernille;Enhedslisten;10.07.1984;16.08.2021;;;;;;;
;Toft-Lind;Janne;Enhedslisten;01.09.1971;16.08.2021;;;;;;;
;Jacobsen;Louis;Enhedslisten;13.04.1985;07.08.2020;;;;;;;
;Jensen;Helge Bo;Enhedslisten;23.07.1959;01.12.2020;;;;;;;
;Velásquez;Victoria Ninosca Risbjerg ;Enhedslisten;18.07.1991;16.08.2021;;;;;;;
;Olsen;Jonathan Simmel;Enhedslisten;04.11.1987;01.12.2020;;;;;;;
;Olsen ;Lasse Puertas Navarro ;Enhedslisten;11.08.1980;28.08.2018;;;;;;;
;Paludan;Jonas;Enhedslisten;03.12.1980;08.06.2018;;;;;;;
;Riis ;Morten;Enhedslisten;17.11.1976;07.08.2020;;;;;;;
;Simmel ;Trine ;Enhedslisten;07.05.1994;28.08.2018;;;;;;;
;Sørensen;Finn;Enhedslisten;28.12.1946;07.08.2020;;;;;;;
;Torfing;Lisbeth Heidemann;Enhedslisten;12.07.1987;01.12.2020;;;;;;;
;Vinther;Mathilde Lynggaard;Enhedslisten;18.02.1994;01.12.2020;;;;;;;
;Andersen;Carl;Liberal Alliance;27.01.1995;11.03.2019;;;;;;;
;Andersen;Lars Berg;Liberal Alliance;07.06.1970;11.03.2019;;;;;;;
;Cederquist;Lasse;Liberal Alliance;25.09.1966;14.06.2021;;;;;;;
;Dahl;Henrik;Liberal Alliance;20.02.1960;11.02.2020;;;;;;;
;Dalen;Hans Petter;Liberal Alliance;08.07.1970;14.06.2021;;;;;;;
;Fendinge Olsen;Simon;Liberal Alliance;11.04.1998;14.06.2021;;;;;;;
;Frederiksen;Carsten;Liberal Alliance;25.06.1977;29.12.2017;;;;;;;
;Hansen;Lasse Dahl ;Liberal Alliance;15.07.1986;02.04.2019;;;;;;;
;Heinmann;Johnny;Liberal Alliance;04.04.1965;14.06.2021;;;;;;;
;Holleufer;Ole;Liberal Alliance;24.03.1965;14.06.2021;;;;;;;
;Keller;Mick;Liberal Alliance;23.10.1991;14.06.2021;;;;;;;
;Larsen;Steffen;Liberal Alliance;05.12.1983;29.12.2017;;;;;;;
;Løvgreen ;Helle von Wildenrath;Liberal Alliance;23.03.1964;11.03.2019;;;;;;;
;Madsen;Aksel Tarras;Liberal Alliance;19.10.1966;29.12.2017;;;;;;;
;Mandal;Lasse;Liberal Alliance;18.09.1980;14.06.2021;;;;;;;
;Møberg;Jeppe;Liberal Alliance;01.03.1995;14.06.2021;;;;;;;
;Nielsen;Søren;Liberal Alliance;21.12.1994;14.06.2021;;;;;;;
;Olesen;Ole Birk;Liberal Alliance;21.12.1972;11.02.2020;;;;;;;
;Rugholm;Morten;Liberal Alliance;11.11.1986;29.12.2017;;;;;;;
;Skatka Hammer;Kenneth;Liberal Alliance;24.07.1986;14.06.2021;;;;;;;
;Steffenauer;Nikolai ;Liberal Alliance;01.10.1979;11.02.2020;;;;;;;
;Vanopslagh;Alex;Liberal Alliance;17.10.1991;29.12.2017;;;;;;;
;Bay-Foged;Nilas;Alternativet;19.07.1978;30.06.2021;;;;;;;
;Borup;Carsten;Alternativet;14.04.1951;30.06.2021;;;;;;;
;Busk;Tine;Alternativet;17.07.1964;04.01.2021;;;;;;;
;Callesen;Jesper;Alternativet;21.01.1960;29.12.2017;;;;;;;
;Rigét;Simon;Alternativet;12.12.1962;29.09.2021;;;;;;;
;Hansen;Trine Aslaug;Alternativet;05.12.1970;04.01.2021;;;;;;;
;Hillers-Bendtsen;Nikoline Erbs;Alternativet;23.04.2001;04.01.2021;;;;;;;
;Johnsen;Kristian;Alternativet;14.02.1967;04.02.2021;;;;;;;
;Lundstedt;Dan;Alternativet;15.10.1965;04.01.2021;;;;;;;
;Mortensen;Thomas Quist;Alternativet;05.06.1978;31.03.2021;;;;;;;
;Nicolaisen;Torben Petersen;Alternativet;11.08.1953;30.10.2019;;;;;;;
;Rosenkilde;Franciska;Alternativet;19.03.1976;30.06.2021;;;;;;;
;Schaldemose;Tenna Duch;Alternativet;22.04.1979;04.01.2021;;;;;;;
;Sørensen;Gustav Sieg;Alternativet;26.03.1951;31.03.2021;;;;;;;
;Vestergaard;Thomas ;Alternativet;13.10.1962;03.07.2020;;;;;;;
;Brødsgaard;Johan;Radikale Venstre;22.09.1993;11.12.2018;;;;;;;
;Burgess;Charlotte;Radikale Venstre;19.11.1975;29.12.2017;;;;;;;
;Christiansen;Rune;Radikale Venstre;20.08.1977;29.12.2017;;;;;;;
;Haugaard;Søs;Radikale Venstre;18.05.1963;11.12.2018;;;;;;;
;Jespersen;Morten Munch;Radikale Venstre;31.10.1991;11.11.2019;;;;;;;
;Kjær;Bitten Schjødt;Radikale Venstre;15.09.1968;29.12.2017;;;;;;;
;Madsen;Gitte;Radikale Venstre;09.11.1963;11.12.2018;;;;;;;
;Netteberg;Jacob;Radikale Venstre;09.11.1970;11.11.2019;;;;;;;
;Nielsen;Sofie Carsten;Radikale Venstre;24.05.1975;29.12.2017;;;;;;;
;Poulsen;Jens-Christian Navarro;Radikale Venstre;23.09.1969;29.12.2017;;;;;;;
;Sørensen;Frederik Aagaard;Radikale Venstre;26.12.1985;11.12.2018;;;;;;;
;Thorhauge;Svend;Radikale Venstre;11.10.1971;29.12.2017;;;;;;;
;Agersnap;Sigurd ;Socialistisk Folkeparti;02.03.1993;02.04.2019;;;;;;;
;Bonde ;Nanna ;Socialistisk Folkeparti;18.05.1993;02.04.2019;;;;;;;
;Henriksen ;Rasmus Peter ;Socialistisk Folkeparti;30.07.1984;02.04.2019;;;;;;;
;Hønge ;Karsten ;Socialistisk Folkeparti;25.09.1958;02.04.2019;;;;;;;
;Jørgensen ;Christian Ege;Socialistisk Folkeparti;25.09.1958;02.04.2019;;;;;;;
;Jørgensen ;Lars ;Socialistisk Folkeparti;08.06.1948;02.04.2019;;;;;;;
;Lehrmann;Carl Valentin;Socialistisk Folkeparti;11.03.1992;02.04.2019;;;;;;;
;Munk;Ann;Socialistisk Folkeparti;02.11.1964;02.04.2019;;;;;;;
;Overlund Sørensen;Anna;Socialistisk Folkeparti;09.09.1986;02.04.2019;;;;;;;
;Smith;Annika ;Socialistisk Folkeparti;11.07.1976;02.04.2019;;;;;;;
;Albertsen;Andreas Brøgger;Socialistisk Folkeparti;20.10.1985;29.12.2017;;;;;;;
;Benli;Serdal;Socialistisk Folkeparti;02.02.1979;29.12.2017;;;;;;;
;Bille;Kristine Helene;Socialistisk Folkeparti;05.09.1960;29.12.2017;;;;;;;
;Boelsmand;Benjamin Bilde Bak;Socialistisk Folkeparti;04.09.1987;01.09.2021;;;;;;;
;Dyhr;Pia Olsen;Socialistisk Folkeparti;30.11.1971;29.12.2017;;;;;;;
;Andersen;Kirsten Normann;Socialistisk Folkeparti;28.04.1962;01.09.2021;;;;;;;
;Hansen;Tonni;Socialistisk Folkeparti;25.04.1958;29.12.2017;;;;;;;
;Hansen;Kirsten Kronborg;Socialistisk Folkeparti;05.11.1969;29.12.2017;;;;;;;
;Lauridsen;Laila;Socialistisk Folkeparti;28.11.1989;29.12.2017;;;;;;;
;Mark;Jacob ;Socialistisk Folkeparti;16.10.1991;29.12.2017;;;;;;;
;Schmidt;Troels Stru;Socialistisk Folkeparti;08.07.1982;01.09.2021;;;;;;;
;Müller;Lise;Socialistisk Folkeparti;21.01.1974;29.12.2017;;;;;;;
;Mayerhofer;Jesper;Socialistisk Folkeparti;28.02.1955;01.09.2021;;;;;;;
;Olesen;Lars ;Socialistisk Folkeparti;01.03.1978;29.12.2017;;;;;;;
;Jensen;Kim Christian ;Socialistisk Folkeparti;05.10.1967;01.09.2021;;;;;;;
;Stenild;Flemming;Socialistisk Folkeparti;20.08.1946;29.12.2017;;;;;;;
;Andersen;Melina Kathrine;Socialistisk Folkeparti;25.08.1994;01.09.2021;;;;;;;
;Jørgensen;Marie-Louise;Socialistisk Folkeparti;19.06.1982;01.09.2021;;;;;;;
;Arnløv;Dan ;Det Konservative Folkeparti;26.07.1975;23.04.2019;;;;;;;
;Poulsen;Søren Pape;Det Konservative Folkeparti;31.12.1971;29.12.2017;;;;;;;
;Weiglin;Henrik Sølje;Det Konservative Folkeparti;16.11.1975;29.12.2017;;;;;;;
;Ziegler;Michael;Det Konservative Folkeparti;27.02.1968;29.12.2017;;;;;;;
;Mercado;Mai;Det Konservative Folkeparti;20.08.1980;29.12.2017;;;;;;;
;Espersen;Christian Baunbæk;Det Konservative Folkeparti;16.10.1950;10.08.2020;;;;;;;
;Roulund;Jesper;Det Konservative Folkeparti;20.04.1961;10.08.2020;;;;;;;
;Andersen;Kim Miklas;Nye Borgerlige;31.12.1988;28.07.2020;;;;;;;
;Berg;Allan;Nye Borgerlige;22.03.1970;28.07.2020;;;;;;;
;Bille;Morten;Nye Borgerlige;20.10.1966;28.07.2020;;;;;;;
;Blaaberg;Hans;Nye Borgerlige;06.05.1970;28.07.2020;;;;;;;
;Hammer;Jesper Melander;Nye Borgerlige;09.07.1969;28.07.2020;;;;;;;
;Larsen;Frode;Nye Borgerlige;18.04.1953;28.07.2020;;;;;;;
;Noer;Dorte Bech;Nye Borgerlige;08.04.1979;28.07.2020;;;;;;;
Højesteretsdommer, jf. § 2, stk. 1, nr. 8, litra d;Olsen;Mogens Hehl;Nye Borgerlige;25.12.1968;28.07.2020;;;;;;;
;Sørensen;Mikkel Bjørn;Nye Borgerlige;19.10.1995;28.07.2020;;;;;;;
;;;;;;;;;;;;
;Rørdam;Thomas;Højesteretspræsident;17.10.1952;29.12.2017;;;;;;;
;Apostoli;Lars;Højesteretsdommer;16.02.1961;29.12.2017;;;;;;;
;Bormann;Anne Louise;Højesteretsdommer;25.08.1967;29.12.2017;;;;;;;
;Christensen;Jens Peter;Højesteretsdommer;01.11.1956;29.12.2017;;;;;;;
;Christensen;Jan Schans;Højesteretsdommer;15.08.1957;29.12.2017;;;;;;;
;Foersom;Rikke;Højesteretsdommer;13.11.1974;05.05.2021;;;;;;;
;Hasselgaard;Ole;Højesteretsdommer;03.04.1967;01.01.2021;;;;;;;
;Hjortnæs;Lars;Højesteretsdommer;16.09.1960;29.12.2017;;;;;;;
;Jensen;Poul Dahl;Højesteretsdommer;21.06.1956;29.12.2017;;;;;;;
;Mikkelsen;Jens Kruse;Højesteretsdommer;23.07.1965;29.12.2017;;;;;;;
;Nielsen;Kristian Korfits;Højesteretsdommer;04.04.1968;29.12.2017;;;;;;;
;Pedersen;Marianne Højgaard;Højesteretsdommer;07.11.1952;29.12.2017;;;;;;;
;Rasmussen;Kurt;Højesteretsdommer;07.07.1958;29.12.2017;;;;;;;
;Rekling;Michael;Højesteretsdommer;18.02.1958;29.12.2017;;;;;;;
;Rønne ;Vibeke;Højesteretsdommer;07.03.1953;29.12.2017;;;;;;;
;Schmidt;Hanne;Højesteretsdommer;09.03.1960;29.12.2017;;;;;;;
;Sørensen;Jørgen Steen;Højesteretsdommer;21.04.1965;01.11.2019;;;;;;;
;Talevski;Oliver;Højesteretsdommer;28.03.1964;29.12.2017;;;;;;;
;Waaben;Henrik;Højesteretsdommer;19.09.1952;29.12.2017;;;;;;;
;Kjølbro;Jon Fridrik;Dommer ved Den Eur. Menneskerettighedsdomstol;02.06.1967;29.12.2017;;;;;;;
;Larsen;Lars Bay;Dommer ved EU-Domstolen;08.06.1953;29.12.2017;;;;;;;
Medlemmer af øverste ledelsesorgan for Danmarks Nationalbank og revisionsretter, jf. § 2, stk. 1, nr. 8, litra e;Nielsen;Sten Frimodt;Dommer ved Retten ved EU-Domstolen;29.07.1963;29.12.2017;;;;;;;
;Øe;Henrik Saugmandsgd.;Generaladvokat ved EU-Domstolen;27.04.1964;29.12.2017;;;;;;;
;;;;;;;;;;;;
;Rohde;Lars;Nationalbankdirektør, kgl. udnævnt;21.03.1954;29.12.2017;;;;;;;
;Callesen;Per;Nationalbankdirektør;09.11.1958;29.12.2017;;;;;;;
;Krogstrup;Signe;Nationalbankdirektør;25.01.1972;02.11.2020;;;;;;;
;Abildgaard;Mette ;Statsrevisor;12.10.1988;06.04.2021;;;;;;;
;Aaen;Frank;Statsrevisor;25.07.1951;08.11.2019;;;;;;;
;Bager;Britt;Statsrevisor;16.08.1976;08.08.2019;;;;;;;
;Frandsen;Klaus;Statsrevisor, næstformand;19.10.1963;29.12.2017;;;;;;;
;Petersen;Jesper;Statsrevisor;25.08.1981;01.12.2020;;;;;;;
Ambassadør, chargé d'affaires og højtstående officer i de væbnede styrker, jf. § 2, stk. 1, nr. 8, litra f;Thorup;Henrik;Statsrevisor, formand;28.05.1946;29.12.2017;;;;;;;
Ambassadører;Jakobsen;Bettina;Den Europæiske Revisionsret, dansk medlem;16.05.1963;29.12.2017;;;;;;;
;;;;;;;;;;;;
;;;;;;;;;;;;
;Andersen;Per Fabricius ;Ambassadør  (stedfortræder);19.05.1965;08.11.2018;;;;;;;
;Andersen;Steen Sonne;Ambassadør;05.05.1970;21.10.2019;;;;;;;
;Annan;Danny;Ambassadør;21.08.1970;29.12.2017;;;;;;;
;Balslev;Uffe;Ambassadør ;27.11.1960;08.11.2018;;;;;;;
;Beckvard;Kristina Miskowiak;Ambassadør;07.04.1972;29.12.2017;;;;;;;
;Brask;Hans;Ambassadør;17.07.1962;29.12.2017;;;;;;;
;Christensen;Tomas Anker  ;Klimaambassadør;15.04.1967;22.09.2020;;;;;;;
;Christensen;Kim Højlund;Ambassadør;23.08.1965;29.12.2017;;;;;;;
;Christensen;Michael Starbæk;Ambassadør;31.05.1967;29.12.2017;;;;;;;
;Damsgaard;Anders Carsten;Ambassadør;20.11.1955;29.12.2017;;;;;;;
;Dinesen;René;Ambassadør ;13.04.1971;08.11.2018;;;;;;;
;Dissing-Spandet;Mette;Ambassadør;21.05.1971;21.10.2019;;;;;;;
;Engtoft Larsen ;Anne Marie;Ambassadør;21.08.1987;20.04.2021;;;;;;;
;Eskjær;Hanne Fugl;Ambassadør;19.10.1971;21.10.2019;;;;;;;
;Feinberg;Nathalia;Ambassadør;24.02.1964;29.12.2017;;;;;;;
;Frijs-Madsen;Jarl;Ambassadør;07.05.1965;29.12.2017;;;;;;;
;Frijs-Madsen;Ole;Ambassadør;27.03.1960;29.12.2017;;;;;;;
;Geelan;Kirsten;Ambassadør;30.07.1956;29.12.2017;;;;;;;
;Godtfredsen;Jens ;Ambassadør ;30.06.1970;08.11.2018;;;;;;;
;Hahn;Henrik Bramsen;Ambassadør;26.01.1964;29.12.2017;;;;;;;
;Nymann-Lindegren;Jakob;Ambassadør ;14.03.1975;09.09.2021;;;;;;;
;Sindbjerg;Kira Smith;Ambassadør ;30.01.1973;09.09.2021;;;;;;;
;Hermann;Martin Bille ;Ambassadør ;21.12.1968;02.04.2019;;;;;;;
;Holm;Klavs Arnoldi ;Ambassadør;21.11.1953;29.12.2017;;;;;;;
;Holmboe;Rolf;Ambassadør;15.12.1960;29.12.2017;;;;;;;
;Kelstrup;Søren;Ambassadør;03.11.1961;09.09.2021;;;;;;;
;Hyldelund;Susanne ;Ambassadør;30.07.1968;22.09.2020;;;;;;;
;Høeg;Erik;Ambassadør;21.09.1967;17.01.2020;;;;;;;
;Krogstrup;Sune;Ambassadør;09.05.1975;09.09.2021;;;;;;;
;Jensen;Søren;Ambassadør ;15.10.1961;08.11.2018;;;;;;;
;Jensen;Einar Hebogård;Ambassadør;23.08.1959;29.12.2017;;;;;;;
;Jeppesen;Michael Lund;Ambassadør;04.04.1965;21.10.2019;;;;;;;
;Jespersen ;Morten;Ambassadør ;13.01.1964;08.11.2018;;;;;;;
;Lange;Dorthe;Ambassadør (stedfortræder);12.08.1980;09.09.2021;;;;;;;
;Juhl;Merete;Ambassadør;10.08.1972;29.12.2017;;;;;;;
;Kamp;Jesper ;Ambassadør ;16.07.1971;08.11.2018;;;;;;;
;Kardel;Pernille Dahler  ;Ambassadør;01.10.1962;22.09.2020;;;;;;;
;Kisling;Jens ;Ambassadør ;02.11.1962;08.11.2018;;;;;;;
;Landi;Sandra Jensen  ;Ambassadør;10.05.1977;22.09.2020;;;;;;;
;Larsen;Lars Bo;Ambassadør;04.10.1975;29.12.2017;;;;;;;
;Lauritzen;Vibeke Rovsing ;Ambassadør;09.03.1964;21.10.2019;;;;;;;
;Karlsen;Ketil;Ambassadør;06.12.1972;09.09.2021;;;;;;;
;Laursen ;Erik;Ambassadør;13.05.1959;22.09.2020;;;;;;;
;Liisberg;Jonas Bering;Ambassadør, Danmarks faste repræsentant til EU;22.07.1970;17.01.2020;;;;;;;
;Lorenzen;Erik Vilstrup;Ambassadør;02.07.1962;29.12.2017;;;;;;;
;Mellbin ;Franz-Michael Skjold;Ambassadør ;11.11.1958;08.11.2018;;;;;;;
;Mikkelsen;Ole Egberg;Ambassadør;11.06.1956;29.12.2017;;;;;;;
;Moesby;Ole;Ambassadør;26.08.1953;29.12.2017;;;;;;;
;Møller;Thomas Østrup  ;Ambassadør;17.10.1966;22.09.2020;;;;;;;
;Nielsen;Lars Steen;Ambassadør;23.01.1966;29.12.2017;;;;;;;
;Graugaard;Anders Lønstrup;chargé d'affaires;14.02.1978;09.09.2021;;;;;;;
;Jespersen;Louise Bang;Ambassadør;25.02.1967;09.09.2021;;;;;;;
;Nørring;Tom;Ambassadør;09.06.1959;29.12.2017;;;;;;;
;Olling;Svend;Ambassadør;09.11.1967;29.12.2017;;;;;;;
;Petersen;Winnie Estrup;Ambassadør;17.07.1958;29.12.2017;;;;;;;
;Petersen ;Nicolaj Abraham Hejberg ;Ambassadør ;17.09.1970;08.11.2018;;;;;;;
;Piras;Stig Paolo ;Ambassadør;29.09.1971;20.04.2021;;;;;;;
;Plesner;Liselotte Kjærsgaard;Ambassadør;06.07.1960;29.12.2017;;;;;;;
;Kammersgaard;Jesper;Ambassadør ;07.05.1968;09.09.2021;;;;;;;
;Pruzan-Jørgensen;Julie Elisabeth;Rejsende ambassadør;09.10.1969;22.09.2020;;;;;;;
;Prytz ;Nicolai ;Ambassadør ;16.05.1966;08.11.2018;;;;;;;
;Rehfeld;Tobias Elling;Ambassadør ;22.09.1973;08.11.2018;;;;;;;
;Riggelsen;Anne Dorte ;Ambassadør ;22.04.1958;08.11.2018;;;;;;;
;Rosenholm ;Lis;Ambassadør;04.04.1970;22.09.2020;;;;;;;
;Saenz;Vanessa Vega;Ambassadør;19.08.1969;21.10.2019;;;;;;;
;Shine ;Susanne;Ambassadør;17.06.1963;22.09.2020;;;;;;;
;Sillasen;Grete;Ambassadør;03.05.1961;21.10.2019;;;;;;;
;Sinding ;Odd;Ambassadør;17.05.1971;22.09.2020;;;;;;;
;Staur;Carsten;Ambassadør;09.11.1954;29.12.2017;;;;;;;
;Stender;Flemming;Ambassadør;25.03.1969;21.10.2019;;;;;;;
;Strandgaard ;Martin;Ambassadør (stedfortræder);15.05.1973;22.09.2020;;;;;;;
;Svane;Freddy;Ambassadør;31.07.1957;29.12.2017;;;;;;;
;Søndergaard;Carsten;Ambassadør;08.08.1952;29.12.2017;;;;;;;
;Taksøe-Jensen;Peter;Ambassadør;17.03.1959;29.12.2017;;;;;;;
;Thonke ;Ole;Ambassadør;15.10.1970;22.09.2020;;;;;;;
;Thorgaard ;Jon;Ambassadør;30.04.1967;12.05.2020;;;;;;;
;Nielsen;Jes Brogaard;Ambassadør;14.12.1968;09.09.2021;;;;;;;
;Thuesen;Lars;Ambassadør;12.02.1960;29.12.2017;;;;;;;
;Toft;Ole;Ambassadør;28.12.1964;22.09.2020;;;;;;;
;Friborg;Anders Tang  ;Migrationsambassadør;26.12.1972;22.09.2020;;;;;;;
;Vahr;Jesper;Ambassadør;27.11.1962;29.12.2017;;;;;;;
;Vøhtz;Søren ;Ambassadør ;14.04.1964;08.11.2018;;;;;;;
Højtstående officer i de væbnede styrker;Wegter ;Marie-Louise Koch ;Ambassadør (stedfortræder);08.08.1969;12.05.2020;;;;;;;
;Wisborg;Lone Dencker;Ambassadør;31.01.1966;02.04.2019;;;;;;;
;;;;;;;;;;;;
;Hesselberg;Per;Flotilleadmiral, chef for Forsvarets Vedligeholdelsestjeneste;20.06.1962;26.05.2020;;;;;;;
;Hyldgaard;Michael Wiggers;Generalmajor, chef for Operationsstaben;18.07.1964;26.05.2020;;;;;;;
;La Cour-Andersen;Martin;Generalmajor, chef for Artisk Kommando;11.01.1963;04.08.2021;;;;;;;
;Dam;Jan;Generalmajor, chef for Flyverkommandoen;19.12.1964;04.08.2021;;;;;;;
;Boysen;Peter;Generalmajor, chef for Specialoperationskommandoen;03.04.1963;05.04.2018;;;;;;;
;Lundstein;Henrik Raatræ;Generalmajor, direktør for Nyt Kampfly Program;22.09.1957;29.12.2017;;;;;;;
;Nielsen;Gunner Arpe;Generalmajor, chef for Hærkommandoen;20.02.1967;04.08.2021;;;;;;;
;Rex;Anders;Generalmajor, chef for Udviklings- og Planlægningsstaben;15.04.1970;10.05.2021;;;;;;;
;Mikkelsen;Torben;Kontreadmiral, chef for Søværnskommandoen;11.03.1963;29.12.2017;;;;;;;
;Mathiasen;Flemming;Generalmajor, Chef for Multi National Division North;09.05.1965;29.12.2017;;;;;;;
;Ryberg;Henrik;Kontreadmiral, chef for Forsvarsakademiet;23.11.1962;01.05.2018;;;;;;;
;Olesen;Anders Berg;Brigadegeneral, chef for ledelsessekretariatet i Forsvarskommandoen;18.08.1972;26.05.2020;;;;;;;
;Nielsen;Max Arthur Lund Thorsø;Generalmajor, Den danske militære repræsentant ved NATO og EU (DAMIREP);06.11.1963;15.06.2020;;;;;;;
;Hellebjerg;Ulrich Johan;Generalmajor, Deputy Commander ved Hovedkvarteret Multi National Corps North East, Stettin;22.10.1964;15.06.2020;;;;;;;
Medlem af statsejet virksomheds administrative, ledende eller kontrollerende organ, jf. § 2, stk. 1, nr. 8, litra g;Trojahn;Frank;Kontreadmiral, Forsvarsattaché i Washington;20.08.1963;10.05.2021;;;;;;;
Statsejet virksomheder;Lollesgaard;Michael Anker;Generalløjtnant, udgående chef for NATO Mission IRAK (NMI);13.11.1960;04.08.2021;;;;;;;
;;;;;;;;;;;;
;;;;;;;;;;;;
;Bladt;Karen;Bornholmstrafikken Holding A/S, bestyrelse;17.02.1967;29.12.2017;;;;;;;
;Christensen;Steen E. ;Bornholmstrafikken Holding A/S, bestyrelse;02.04.1947;29.12.2017;;;;;;;
;Pedersen;Orla Grøn;Bornholmstrafikken Holding A/S, bestyrelse;04.12.1944;29.12.2017;;;;;;;
;Steen-Mikkelsen;John;Bornholmstrafikken Holding A/S, direktion;05.09.1955;29.12.2017;;;;;;;
;Antorini;Christine ;DR, bestyrelse;23.05.1965;07.03.2019;;;;;;;
;Barfod;Line;DR, bestyrelse;24.05.1964;29.12.2017;;;;;;;
;Bedsted ;Marianne ;DR, bestyrelse;18.02.1967;07.03.2019;;;;;;;
;Bjerager ;Erik ;DR, bestyrelse;10.11.1958;07.03.2019;;;;;;;
;Elvang ;Zakia ;DR, bestyrelse;17.09.1971;07.03.2019;;;;;;;
;Holm;Katrine Winkel;DR, bestyrelse;21.03.1970;29.12.2017;;;;;;;
;Larsen;Hanne Ried;DR, bestyrelse;10.02.1962;29.12.2017;;;;;;;
;Mariager ;Arne ;DR, bestyrelse;19.06.1951;07.03.2019;;;;;;;
;Morey;Ricki ;DR, bestyrelse;28.02.1970;07.03.2019;;;;;;;
;Nørmark;Dennis;DR, bestyrelse;02.04.1978;29.12.2017;;;;;;;
;Sander;Helge;DR, bestyrelse;27.08.1950;17.01.2020;;;;;;;
;Rønn;Maria Rørbye;DR, generaldirektør;25.01.1964;29.12.2017;;;;;;;
;Elling;Claus Von;Danmarks Grønne Investeringsfond, bestyrelse;09.06.1966;26.05.2021;;;;;;;
;Foltmann;Marie;Danmarks Grønne Investeringsfond, bestyrelse;30.06.1983;26.05.2021;;;;;;;
;Jonassen;Gert Rinaldo;Danmarks Grønne Investeringsfond, bestyrelse;17.01.1959;26.05.2021;;;;;;;
;Møller;Merete Lundbye;Danmarks Grønne Investeringsfond, bestyrelse;14.07.1968;05.03.2018;;;;;;;
;Therkildsen;Lars ;Danmarks Grønne Investeringsfond, bestyrelse;12.10.1956;05.03.2018;;;;;;;
;Granhøj;Marianne;DanPilot, bestyrelse;27.03.1972;29.12.2017;;;;;;;
;Herskind;Peter;DanPilot, bestyrelse;10.03.1965;29.12.2017;;;;;;;
;Jespersen;Søren;DanPilot, bestyrelse;28.09.1957;29.12.2017;;;;;;;
;Kristensen;Claus L.;DanPilot, bestyrelse;07.05.1965;29.12.2017;;;;;;;
;Philipsen;Ole;DanPilot, bestyrelse;02.12.1960;29.12.2017;;;;;;;
;Raabjerg;Dina Myrup ;DanPilot, bestyrelse ;06.02.1971;25.09.2018;;;;;;;
;Thomsen;Peter Nordahl;DanPilot, bestyrelse;29.03.1967;25.04.2018;;;;;;;
;Voss ;Pia Elisabeth ;DanPilot, bestyrelse;15.04.1964;20.07.2020;;;;;;;
;Nielsen;Erik Merkes;DanPilot, direktion;20.01.1976;17.06.2019;;;;;;;
;Bach;Leif Brandi;Dansk Jagtforsikring A/S, bestyrelse;29.07.1964;29.12.2017;;;;;;;
;Rasmussen;Henrik Frost;Dansk Jagtforsikring A/S, bestyrelse;17.05.1948;29.12.2017;;;;;;;
;Sørensen;Ivan Tage Steen;Dansk Jagtforsikring A/S, bestyrelse;06.05.1949;29.12.2017;;;;;;;
;Wiisbye;Michael Steen;Dansk Jagtforsikring A/S, direktion;28.11.1961;29.12.2017;;;;;;;
;Andersen;Stig;Danske Spil A/S, bestyrelse;16.02.1960;29.12.2017;;;;;;;
;Christensen;Peter ;Danske Spil A/S, bestyrelsesformand ;23.04.1975;30.06.2020;;;;;;;
;Hansen-Hoeck;Karen Sofie;Danske Spil A/S, bestyrelse;28.10.1965;29.12.2017;;;;;;;
;Hesdorf;Nicolai ;Danske Spil A/S, bestyrelse;09.11.1974;22.04.2021;;;;;;;
;Hyldig;Malene;Danske Spil A/S, bestyrelse;28.02.1972;29.12.2017;;;;;;;
;Pedersen;Torben;Danske Spil A/S, bestyrelse;08.03.1967;05.05.2021;;;;;;;
;Nygaard;Niels;Danske Spil A/S, bestyrelse;27.01.1953;29.12.2017;;;;;;;
;Skjødt;Torben;Danske Spil A/S, bestyrelse;18.09.1965;18.07.2019;;;;;;;
;Thomassen;Charlotte Bach ;Danske Spil A/S, bestyrelse;20.06.1976;18.07.2019;;;;;;;
;Lyhne-Knudsen;Nikolas ;Danske Spil A/S, direktion;10.10.1976;19.10.2020;;;;;;;
;Rasmussen;Søren Skovdal ;Danske Spil A/S, direktion;21.06.1968;31.03.2020;;;;;;;
;Christensen;Peter;Det Danske Klasselotteri, bestyrelsesformand;23.04.1975;08.07.2021;;;;;;;
;Blauenfeldt;Anders;Det Danske Klasselotteri, bestyrelse;27.09.1972;29.12.2017;;;;;;;
;Jensen;Tore Pein;Det Danske Klasselotteri, bestyrelse;15.07.1975;29.12.2017;;;;;;;
;Knudsen;Pernille;Det Danske Klasselotteri, bestyrelse;03.12.1970;29.12.2017;;;;;;;
;Jørgensen;Anna Elisabeth Rask;Det Danske Klasselotteri, direktion;17.10.1955;29.12.2017;;;;;;;
;Schütze;Peter;DSB, bestyrelsesformand;30.10.1948;29.12.2017;;;;;;;
;Amsinck;Henrik;DSB, bestyrelsesmedlem;31.05.1961;29.12.2017;;;;;;;
;Bryan-Lund;Thomas ;DSB, bestyrelsesmedlem;04.09.1974;23.03.2020;;;;;;;
;Gerner;Carsten;DSB, bestyrelsesmedlem;18.12.1953;29.12.2017;;;;;;;
;Levy;Hanne Legardt Blume;DSB, bestyrelsesmedlem;19.09.1968;12.07.2018;;;;;;;
;Pedersen;Preben Steenholdt;DSB, bestyrelsesmedlem;20.01.1956;29.12.2017;;;;;;;
;Riis ;Lone ;DSB, bestyrelsesmedlem;23.09.1974;23.03.2020;;;;;;;
;Steffensen;Anne Hedensted;DSB, bestyrelsesmedlem;14.11.1963;01.07.2021;;;;;;;
;Sørensen;Christina Grumstrup;DSB, bestyrelsesmedlem;26.09.1972;29.12.2017;;;;;;;
;Jensen;Jens Flemming;DSB, administrerende direktør;01.02.1959;29.12.2017;;;;;;;
;Børner;Thomas Thellersen;DSB, direktion;25.03.1969;12.07.2018;;;;;;;
;Christensen ;Jan Sigurður ;DSB, direktion;24.06.1974;23.3.2020;;;;;;;
;Müller;Jürgen;DSB, direktion;05.06.1970;12.07.2018;;;;;;;
;Schrøder;Per Vilhelm;DSB, direktion;17.04.1957;12.07.2018;;;;;;;
;Frigast;Povl Christian Lütken;EKF Danmarks Eksportkredit, bestyrelsen;23.11.1951;29.12.2017;;;;;;;
;Hemphrey;Janne Bram ;EKF Danmarks Eksportkredit, bestyrelsen;25.10.1981;13.07.2020;;;;;;;
;Høholt;Jørgen;EKF Danmarks Eksportkredit, bestyrelsen;09.12.1958;10.07.2018;;;;;;;
;Jacobsen;Niels ;EKF Danmarks Eksportkredit, bestyrelsen;31.08.1957;13.07.2020;;;;;;;
;Jensen;Poul Due;EKF Danmarks Eksportkredit, bestyrelsen;19.11.1971;10.07.2018;;;;;;;
;Owie;Anna Marie Lunde Skov;EKF Danmarks Eksportkredit, bestyrelsen;18.11.1964;08.02.2018;;;;;;;
;Turunen;Emilie ;EKF Danmarks Eksportkredit, bestyrelsen;13.05.1984;13.07.2020;;;;;;;
;Vanglo;Dorrit;EKF Danmarks Eksportkredit, bestyrelsen;25.10.1956;29.12.2017;;;;;;;
;Wernberg ;Morten;EKF Danmarks Eksportkredit, bestyrelsen;22.06.1975;13.07.2020;;;;;;;
;Damkjær;Kirstine;EKF Danmarks Eksportkredit, direktion;07.06.1970;11.02.2019;;;;;;;
;Frigast;Povl Christian Lütken;Eksport Kredit Finansiering A/S, bestyrelsen;23.11.1951;08.02.2018;;;;;;;
;Vanglo;Dorrit;Eksport Kredit Finansiering A/S, bestyrelsen;25.10.1956;08.02.2018;;;;;;;
;Jensen;Poul Due;Eksport Kredit Finansiering A/S, bestyrelsen;19.11.1971;10.07.2018;;;;;;;
;Høholt;Jørgen;Eksport Kredit Finansiering A/S, bestyrelsen;09.12.1958;10.07.2018;;;;;;;
;Damkjær;Kirstine;Eksport Kredit Finansiering A/S, direktion;07.06.1970;11.02.2019;;;;;;;
;Bergh-Hansen;Niels;Energinet, bestyrelse;27.11.1948;29.12.2017;;;;;;;
;Clausen;Lars;Energinet, bestyrelse;04.05.1959;29.12.2017;;;;;;;
;Henriksen;Marianne Sørensen;Energinet, bestyrelse;29.09.1964;08.05.2018;;;;;;;
;Hvilshøj;Rikke;Energinet, bestyrelse;05.05.1970;07.09.2020;;;;;;;
;Høst;Louise;Energinet, bestyrelse;12.04.1977;07.09.2020;;;;;;;
;Ingstrup;Rasmus Thomsen;Energinet, bestyrelse;15.09.1984;08.10.2019;;;;;;;
;Lykketoft;Mogens;Energinet, bestyrelse;09.01.1946;07.09.2020;;;;;;;
;Nielsen;Berit Schilling;Energinet, bestyrelse;18.03.1965;16.08.2021;;;;;;;
;Rasmussen;Lasse Fagerlund Zinck;Energinet, bestyrelse;03.10.1990;16.08.2021;;;;;;;
;Sejbæk;Nana Bule;Energinet, bestyrelse;23.02.1978;08.05.2018;;;;;;;
;Sørensen;Søren Marinus;Energinet, bestyrelse;27.02.1964;08.05.2018;;;;;;;
;Egebo;Thomas Als;Energinet, direktion ;22.01.1962;01.05.2018;;;;;;;
;Bak;Ole Selch ;Finansiel Stabilitet, bestyrelse;26.11.1955;30.04.2020;;;;;;;
;Bang-Pedersen;Ulrik Rammeskow ;Finansiel Stabilitet, bestyrelse;21.08.1970;29.12.2017;;;;;;;
;Eberhard;Anne Louise;Finansiel Stabilitet, bestyrelse;24.04.1963;29.12.2017;;;;;;;
;Jensen;Peter Engberg;Finansiel Stabilitet, bestyrelse;06.04.1953;29.12.2017;;;;;;;
;Rangvid;Jesper;Finansiel Stabilitet, bestyrelse;26.05.1970;14.12.2020;;;;;;;
;Sommerfeldt;Morten Westergaard ;Finansiel Stabilitet, bestyrelse;02.07.1975;03.07.2020;;;;;;;
;Vastrup;Pernille Henriette;Finansiel Stabilitet, bestyrelse;03.11.1974;01.07.2021;;;;;;;
;Bjerre-Nielsen;Henrik;Finansiel Stabilitet, direktion;01.04.1955;29.12.2017;;;;;;;
;Andersen;John Schmidt;Fjordforbindelsen Frederikssund, bestyrelse;20.01.1959;29.12.2017;;;;;;;
;Friis;Helle;Fjordforbindelsen Frederikssund, bestyrelse;26.07.1960;29.12.2017;;;;;;;
;Stauning;Tina Tving;Fjordforbindelsen Frederikssund, bestyrelse;26.05.1960;29.12.2017;;;;;;;
;Tullberg;Leif;Fjordforbindelsen Frederikssund, bestyrelse;05.10.1945;29.12.2017;;;;;;;
;Wejlemann,;Christina;Fjordforbindelsen Frederikssund, bestyrelse;07.06.1972;12.05.2020;;;;;;;
;Rasmussen;Michael;IFU, bestyrelsesformand;13.11.1964;29.12.2017;;;;;;;
;Jepsen;Charlotte;IFU, bestyrelsesmedlem;11.04.1962;29.12.2017;;;;;;;
;Krausing;Jarl Eskil Sture;IFU, bestyrelsesmedlem;31.08.1966;22.09.2021;;;;;;;
;Mortensen;Irene Quist;IFU, bestyrelsesmedlem;12.05.1959;22.09.2021;;;;;;;
;Jakobsen;Hanna Line;IFU, bestyrelsesmedlem;17.03.1981;22.09.2021;;;;;;;
;Damm;Emilie Agner;IFU, bestyrelsesmedlem;14.04.1989;22.09.2021;;;;;;;
;Bustrup;Thomas;IFU, bestyrelsesmedlem;17.02.1971;22.09.2021;;;;;;;
;Sørensen;Bjarne;IFU, bestyrelsesmedlem;08.11.1947;29.12.2017;;;;;;;
;Hvidt;Nanna;IFU, bestyrelsesmedlem;05.05.1955;22.09.2021;;;;;;;
;Eberhard;Anette;IFU, næstformand;22.03.1961;22.09.2021;;;;;;;
;Huss;Torben;IFU, direktion;11.10.1962;10.07.2018;;;;;;;
;Krogsgaard;Lars ;IFU, direktion;27.11.1967;25.10.2019;;;;;;;
;Blum;Esben Jean-Pierre;Naviair, bestyrelse;30.08.1975;13.07.2020;;;;;;;
;Fich;Carsten;Naviair, direktion;23.01.1960;13.07.2020;;;;;;;
;Fleischer;Michael;Naviair, bestyrelse;22.02.1948;12.01.2018;;;;;;;
;Hansen;Flemming Kim;Naviair, bestyrelse;26.11.1959;12.01.2018;;;;;;;
;Jensen;Per Møller;Naviair, bestyrelse;24.07.1960;12.01.2018;;;;;;;
;Labusz;Peter;Naviair, bestyrelse;14.04.1988;13.07.2020;;;;;;;
;Lundholt;Anne Birgitte;Naviair, bestyrelse;11.06.1952;12.01.2018;;;;;;;
;Møller;Søren Stahlfest;Naviair, direktion;29.01.1965;13.07.2020;;;;;;;
;Rask;Birthe Høegh;Naviair, bestyrelse;11.12.1958;12.01.2018;;;;;;;
;Rasmussen;Christina;Naviair, bestyrelse;30.08.1967;12.01.2018;;;;;;;
;Andersen;Mads Bo Keis;Nordsøenheden, bestyrelse;25.04.1969;29.12.2017;;;;;;;
;Jensen ;Barbara Plucnar ;Nordsøenheden, bestyrelse;23.07.1971;13.07.2020;;;;;;;
;Jørgensen;Christian Herskind;Nordsøenheden, bestyrelse;19.10.1961;29.12.2017;;;;;;;
;Knudsen;Karsten Sivebæk;Nordsøenheden, bestyrelse;21.06.1953;29.12.2017;;;;;;;
;Larsen ;Henrik Sass ;Nordsøenheden, bestyrelse;29.05.1966;13.07.2020;;;;;;;
;Madsen;Birgitte Brinch;Nordsøenheden, bestyrelse;18.01.1963;29.12.2017;;;;;;;
;Normann;Henrik Michael;Nordsøenheden, bestyrelse;26.03.1953;29.12.2017;;;;;;;
;Jacobsen;Anna Birgitta Bergursdottir;Nordsøenheden, direktion;03.09.1974;29.12.2017;;;;;;;
;Carlsson;Måns;PostNord, bestyrelsesmedlem;14.12.1968;29.12.2017;;;;;;;
;Frigast;Christian;PostNord, bestyrelsesmedlem;23.11.1951;24.09.2019;;;;;;;
;Fröström;Bo;PostNord, bestyrelsesmedlem;08.11.1960;29.12.2017;;;;;;;
;Hundsbæk-Pedersen                ;Susanne            ;PostNord, bestyrelsesmedlem;05.11.1967        ;22.04.2020;;;;;;;
;Jansson;Christian ;PostNord, bestyrelsesmedlem;20.09.1949;24.09.2019;;;;;;;
;Lindholm;Johan;PostNord, bestyrelsesmedlem;21.01.1979;29.12.2017;;;;;;;
;Lundquist;Peder;PostNord, bestyrelsesmedlem;01.05.1970;29.12.2017;;;;;;;
;Messing;Ulrica;PostNord, bestyrelsesmedlem;31.01.1968;12.07.2018;;;;;;;
;Olsson;Sonat Burman;PostNord, bestyrelsesmedlem;21.11.1958;12.07.2018;;;;;;;
;Strand;Charlotte;PostNord, bestyrelsesmedlem;16.11.1961;12.07.2018;;;;;;;
;Svensk;Sandra;PostNord, bestyrelsesmedlem;22.05.1977;29.12.2017;;;;;;;
;Gardshol;Annemarie;PostNord, direktør;14.01.1967;24.09.2019;;;;;;;
;Carstensen;Hans J.;Statens Ejendomssalg A/S, bestyrelse;17.10.1965;29.12.2017;;;;;;;
;Jensen;Ane Arnth;Statens Ejendomssalg A/S, bestyrelse;20.02.1960;29.12.2017;;;;;;;
;Ljungdah;Line Køhler ;Statens Ejendomssalg A/S, bestyrelse;04.02.1978;15.02.2021;;;;;;;
;Rygaard;Bo;Statens Ejendomssalg A/S, bestyrelse;06.07.1965;29.12.2017;;;;;;;
;Søholt;Helle Lis;Statens Ejendomssalg A/S, bestyrelse;25.03.1972;12.07.2018;;;;;;;
;Jørgensen;Christina;Statens Ejendomssalg A/S, direktion;14.06.1965;14.06.2021;;;;;;;
;Rasmussen;Carsten;Statens Ejendomssalg A/S, direktion;12.05.1958;12.07.2018;;;;;;;
;Roslev;Christian;Statens og Kommunernes Indkøbsservice A/S, b.m.;25.08.1967;29.12.2017;;;;;;;
;Egebøl;Helene;Statens og Kommunernes Indkøbsservice A/S, b.m.;19.07.1971;29.12.2017;;;;;;;
;Madsen;Jens Hald;Statens og Kommunernes Indkøbsservice A/S, b.m.;16.03.1968;29.12.2017;;;;;;;
;Madsen;Signe Lynggaard;Statens og Kommunernes Indk., direktion;02.05.1974;29.12.2017;;;;;;;
;Svendsen-Tune;Lau;Statens og Kommunernes Indkøbsservice A/S, b.m.;09.04.1964;10.07.2018;;;;;;;
;Hamer;Michael Risvig;Statens og Kommunernes Indkøbsservice A/S, b.m.;28.03.1978;10.07.2018;;;;;;;
;Madsen;Anders Lisby;Statens og Kommunernes Indkøbsservice A/S, b.m.;18.10.1974;10.07.2018;;;;;;;
;Christophersen;Walter;Sund og Bælt Holding A/S, bestyrelse;12.06.1951;29.12.2017;;;;;;;
;Frederiksen;Peter;Sund og Bælt Holding A/S, bestyrelse;07.11.1963;29.12.2017;;;;;;;
;Hansen;Martin Duus;Sund og Bælt Holding A/S, bestyrelse;07.05.1964;29.12.2017;;;;;;;
;Jensen;Claus;Sund og Bælt Holding A/S, bestyrelse;30.04.1964;29.12.2017;;;;;;;
;Lange;Lene;Sund og Bælt Holding A/S, bestyrelse;09.07.1973;29.12.2017;;;;;;;
;Rohde;Jørn Tolstrup;Sund og Bælt Holding A/S, bestyrelse;20.04.1961;29.12.2017;;;;;;;
;Schade;Ruth;Sund og Bælt Holding A/S, bestyrelse;25.01.1951;29.12.2017;;;;;;;
;Villemoes;Jens;Sund og Bælt Holding A/S, bestyrelse;07.05.1979;29.12.2017;;;;;;;
;Würts;Christina Bendixen;Sund og Bælt Holding A/S, bestyrelse;13.08.1970;29.12.2017;;;;;;;
;Hemmingsen;Mikkel;Sund og Bælt Holding A/S, direktion;09.07.1970;29.12.2017;;;;;;;
;Breinholt;Thomas Michael Voigt ;TV2\Danmark A/S, bestyrelse;06.01.1964;14.05.2020;;;;;;;
;Haraldsson;Hermann;TV2\Danmark A/S, bestyrelse;09.01.1966;12.07.2018;;;;;;;
;Jäger;John;TV2\Danmark A/S, bestyrelse;05.04.1971;14.05.2020;;;;;;;
;Maymann;Jimmy;TV2\Danmark A/S, bestyrelsesformand;19.10.1971;12.07.2018;;;;;;;
;Foged;Bo;TV2\Danmark A/S, bestyrelse;21.04.1971;16.08.2021;;;;;;;
;Ravn;Henrik;TV2\Danmark A/S, bestyrelse;20.01.1963;12.07.2018;;;;;;;
;Hendriksen;Ane;TV2\Danmark A/S, bestyrelse;26.08.1961;16.08.2021;;;;;;;
;Søndberg;Astrid ;TV2\Danmark A/S, bestyrelse;05.08.1972;14.05.2020;;;;;;;
;Thomassen;Charlotte Bach ;TV2\Danmark A/S, bestyrelse;20.06.1976;14.05.2020;;;;;;;
;Christensen;Anne Engdal Stig ;TV2\Danmark A/S, direktion;31.08.1968;21.10.2019;;;;;;;
;Christensen;Jesper Højberg ;Vækstfonden, bestyrelse;08.01.1955;03.07.2020;;;;;;;
;Holst;Lars;Vækstfonden, bestyrelse;15.02.1952;29.12.2017;;;;;;;
;Lundberg;Kim ;Vækstfonden, bestyrelse ;14.02.1984;30.06.2020;;;;;;;
;Pedersen;Thor Möger ;Vækstfonden, bestyrelse;31.01.1985;03.07.2020;;;;;;;
;Pedersen ;Jacob Bratting ;Vækstfonden, bestyrelse ;04.04.1970;04.09.2018;;;;;;;
;Shur;Anne-Louise Thon ;Vækstfonden, bestyrelse;31.12.1970;03.07.2020;;;;;;;
;Valentin;Camilla Ley ;Vækstfonden, bestyrelse;20.04.1973;03.07.2020;;;;;;;
;Mantoni;Tue;Vækstfonden, bestyrelsesformand ;02.02.1975;10.07.2018;;;;;;;
;Kjærgaard;Rolf Hauge;Vækstfonden, direktion;09.03.1971;09.07.2019;;;;;;;
;Andersen;Thomas Thune;Ørsted A/S, bestyrelse;04.03.1955;29.12.2017;;;;;;;
;Armstrong;Lynda;Ørsted A/S, bestyrelse;18.06.1950;29.12.2017;;;;;;;
;Gøbel;Benny;Ørsted A/S, bestyrelse;01.08.1967;29.12.2017;;;;;;;
;Kildahl;Jørgen;Ørsted A/S, bestyrelse;13.02.1963;05.04.2018;;;;;;;
;King;Julia Elizabeth ;Ørsted A/S, bestyrelse;11.07.1954;01.03.2021;;;;;;;
;Korsholm;Peter;Ørsted A/S, bestyrelse;28.05.1971;29.12.2017;;;;;;;
;Henriksen;Ole;Ørsted A/S, bestyrelse;21.08.1972;01.09.2020;;;;;;;
;Poulsen ;Henrik ;Ørsted A/S, bestyrelse;10.09.1967;01.03.2021;;;;;;;
;Sandermann ;Daniel Tas ;Ørsted A/S, bestyrelse;06.03.1984;01.09.2020;;;;;;;
;Skole;Lene;Ørsted A/S, bestyrelse;28.04.1959;29.12.2017;;;;;;;
;Wemmer;Dieter Franz-Josef;Ørsted A/S, bestyrelse;27.02.1957;05.04.2018;;;;;;;
;Nipper ;Mads ;Ørsted A/S, direktion;02.03.1966;01.01.2021;;;;;;;
;Wiinholt;Marianne;Ørsted A/S, direktion;28.07.1965;26.08.2019;;;;;;;
;Neubert ;Martin ;Ørsted A/S, direktion;11.08.1973;04.02.2020;;;;;;;
;Pedersen;Torben Möger ;Danmarks Genopretningsfond A/S , bestyrelsesformand ;07.10.1955;08.01.2021;;;;;;;
;Philip;Marianne ;Danmarks Genopretningsfond A/S, næstformand;14.07.1957;08.01.2021;;;;;;;
;Schröder;Philipp Joachim Hans ;Danmarks Genopretningsfond A/S , bestyrelse;06.05.1969;08.01.2021;;;;;;;
;Stendevad;Poul Carsten ;Danmarks Genopretningsfond A/S , bestyrelse;15.03.1973;08.01.2021;;;;;;;
;Jensen;Jørgen Rugholm ;Danmarks Genopretningsfond A/S, bestyrelse og direktion (midlertidligt);19.03.1964;08.01.2021;;;;;;;
;Christensen;Per;Evida Holding A/S, bestyrelse;16.06.1957;14.01.2021;;;;;;;
;Dalsgaard;Thomas ;Evida Holding A/S, bestyrelse;13.02.1966;14.01.2021;;;;;;;
;Juhl;Susanne;Evida Holding A/S, bestyrelse;25.01.1971;14.01.2021;;;;;;;
Styrelser m.v.;Strand;Charlotte ;Evida Holding A/S, bestyrelsesformand;16.11.1961;14.01.2021;;;;;;;
Beskæftigelsesministeriets koncern;Kalør;Ole Michael ;Evida Holding A/S, direktion;27.08.1961;14.01.2021;;;;;;;
;;;;;;;;;;;;
;;;;;;;;;;;;
;;;Styr. for Arbejdsmarked og Rekruttering, direktør;;;;;;;;;
Social- og Indenrigsministeriets benchmarkingenhed;Kryhlmand;Søren;Arbejdstilsynet, direktør;02.04.1978;29.12.2017;;;;;;;
;Bohni;Steffen;Det Nati. Forskningscen. for Arbejdsmiljø, direktør;05.09.1972;02.08.2021;;;;;;;
;;;;;;;;;;;;
;Buse;Torben ;Bestyrelse;29.12.1968;23.06.2021;;;;;;;
;Iversen;Naja Warrer ;Bestyrelse;11.10.1978;23.06.2021;;;;;;;
;Juul;Thorkil ;Bestyrelse;25.01.1953;23.06.2021;;;;;;;
;Mandøe ;Morten ;Bestyrelse;12.08.1977;23.06.2021;;;;;;;
Social- og Indenrigsministeriets koncern;Sørensen;Rune Jørgen ;Bestyrelsesformand;03.08.1955;23.06.2021;;;;;;;
;Westergaard-Kabelmann;Thomas;Bestyrelse;12.01.1967;23.06.2021;;;;;;;
;;;;;;;;;;;;
;Lauritzen;Ellen Klarskov;Socialstyrelsen, direktør;13.10.1973;01.12.2020;;;;;;;
;Hummelshøj;Anette;Familieretshuset, direktør;21.06.1965;12.11.2018;;;;;;;
;Anker;Birgitte;Danmarks Statistik, rigsstatistiker;16.10.1963;01.12.2020;;;;;;;
Energi-, Forsynings- og Klimaministeriets koncern;Gade;Ingeborg;Ankestyrelsen, direktør;26.10.1967;29.12.2017;;;;;;;
;Jensen;Liselotte Skovgaard;VIVE, direktør;29.05.1963;12.07.2019;;;;;;;
;;;;;;;;;;;;
;Thyrring;Marianne;Danmarks Meteorologiske Institut, direktør;18.12.1959;29.12.2017;;;;;;;
;Larsen;Flemming;De Nationale Geologiske Undersøgelser for Danmark og Grønland, administrerende direktør;15.05.1957;29.12.2017;;;;;;;
;Böttzauw;Kristoffer;Energistyrelsen, direktør;25.06.1979;12.07.2018;;;;;;;
;Smidt;Carsten;Forsyningstilsynet, direktør;05.06.1970;12.07.2018;;;;;;;
Erhvervsministeriets koncern;Højgaard;Pia Stenstrup Dahl;Geodatastyrelsen, direktør;25.02.1962;29.12.2017;;;;;;;
;Møller;Kristian;Styrelsen for dataforsyning og effektivisering, direktør;22.11.1973;29.12.2017;;;;;;;
;;;;;;;;;;;;
;Winding;Katrine;Erhvervsstyrelsen, direktør;29.04.1972;29.12.2017;;;;;;;
;Storgaard;Peter Ejler;Finanstilsynet, bestyrelse;10.07.1974;09.09.2021;;;;;;;
;Andresen ;Svein ;Finanstilsynet, bestyrelse;07.08.1954;11.02.2019;;;;;;;
;Zachariasen;Martin Tvede;Finanstilsynet, bestyrelse;19.07.1967;02.08.2021;;;;;;;
;Bechmann ;Ken Lamdahl ;Finanstilsynet, bestyrelse;27.02.1970;23.09.2020;;;;;;;
;Biltoft;Karsten;Finanstilsynet, bestyrelse;20.11.1961;29.12.2017;;;;;;;
;Bock;Marianne Rørslev;Finanstilsynet, bestyrelse;11.09.1963;29.12.2017;;;;;;;
;Elholm ;Thomas ;Finanstilsynet, bestyrelse;15.07.1969;23.09.2020;;;;;;;
;Hansen;Preben Lund;Finanstilsynet, bestyrelse;21.01.1950;29.12.2017;;;;;;;
;Brüniche-Olsen ;Paul;Finanstilsynet, bestyrelse;22.02.1957;23.09.2020;;;;;;;
;Legind ;Nina Dietz ;Finanstilsynet, bestyrelsesformand;15.08.1967;01.07.2020;;;;;;;
;Berg;Jesper;Finanstilsynet, direktør;06.04.1959;29.12.2017;;;;;;;
;Hald;Jakob;Konkurrence- og Forbrugerstyrelsen, direktør;07.02.1964;29.12.2017;;;;;;;
;Heide-Jørgensen;Caroline;Konkurrencerådet, medlem;17.04.1967;29.12.2017;;;;;;;
;Jessen;Pernille Wegener;Konkurrencerådet, medlem;09.10.1969;29.12.2017;;;;;;;
;Krag;Vibeke;Konkurrencerådet, medlem;03.11.1962;29.12.2017;;;;;;;
;Ringberg;Torsten;Konkurrencerådet, medlem;04.05.1958;29.12.2017;;;;;;;
;Schröder;Philipp;Konkurrencerådet, medlem;06.05.1969;29.12.2017;;;;;;;
;Schultz;Christian;Konkurrencerådet, formand;17.06.1957;29.12.2017;;;;;;;
;Svensson;Jan-Erik;Konkurrencerådet, medlem;17.10.1949;29.12.2017;;;;;;;
;Lützen;Christian;Nævnenes Hus, direktør;07.10.1971;29.12.2017;;;;;;;
;Sørensen;Sune Stampe;Patent- og Varemærkestyrelsen, direktør;04.03.1974;29.12.2017;;;;;;;
Finansministeriets koncern;Saaby;Lone;Sikkerhedsstyrelsen, direktør;24.11.1967;29.12.2017;;;;;;;
;Nordseth;Andreas;Søfartsstyrelsen, direktør;11.03.1960;29.12.2017;;;;;;;
;;;;;;;;;;;;
;Vindum;Maria Schack;Økonomistyrelsen, direktør;21.04.1975;16.08.2021;;;;;;;
;Franck;Tanja;Digitaliseringsstyrelsen, direktør;25.06.1971;09.02.2021;;;;;;;
Forsvarsministeriets koncern;Nielsen;Trine ;Statens Administration, direktør;21.10.1976;11.02.2021;;;;;;;
;Ørnø;Michael;Statens IT, direktør;30.10.1964;29.12.2017;;;;;;;
;;;;;;;;;;;;
;Lentfer;Flemming;Forsvarskommandoen, chef ;01.03.1964;10.05.2021;;;;;;;
;Pedersen;Kenneth;Forsvarsstaben, chef;01.11.1968;04.08.2021;;;;;;;
;Garly;Jens Henning;Hjemmeværnskommandoen, Chef for Hjemmeværnet;14.12.1962;29.12.2017;;;;;;;
;Espersen;Søren Peder;Hjemmeværnskommandoen, Kommitteret for Hjemmeværnet;20.07.1953;12.07.2018;;;;;;;
;Reenberg;Laila;Beredskabsstyrelsen, direktør;20.08.1962;10.05.2021;;;;;;;
;Larsen;Svend Ulrik;Forsvarets Efterretningstjeneste, chef (fungerende);11.04.1964;04.08.2021;;;;;;;
;Jørgensen;Kim Jesper;Forsvarsministeriets Materiel- og Indkøbsstyrelse, direktør;14.08.1962;10.05.2021;;;;;;;
;Kjærgaard;Janni Torp;Forsvarsministeriets Personalestyrelse, direktør;10.10.1977;04.08.2021;;;;;;;
Justitsministeriets koncern;Pedersen;Anders Mærkedahl;Forsvarsministeriets Ejendomsstyrelse, direktør;12.02.1968;04.08.2021;;;;;;;
;Sørensen ;John;Forsvarsministeriets Regnskabsstyrelse, direktør ;14.02.1957;29.12.2017;;;;;;;
;;;;;;;;;;;;
;Roesen;Lene Volke;Civilstyrelsen, direktør;10.06.1970;02.10.2019;;;;;;;
;Andersen;Marianne;Domstolsstyrelsen, bestyrelsesmedlem;10.12.1966;29.12.2017;;;;;;;
;Schmidt;Hanne Hesselbjerg ;Domstolsstyrelsen, bestyrelsesformand;09.03.1960;21.02.2018;;;;;;;
;Poulsen;Randi Bach;Domstolsstyrelsen, bestyrelsesmedlem;03.04.1957;07.01.2019;;;;;;;
;Jensen;Dorte;Domstolsstyrelsen, bestyrelsesmedlem;11.05.1954;29.12.2017;;;;;;;
;Kengen;Kate;Domstolsstyrelsen, bestyrelsesmedlem;28.05.1952;29.12.2017;;;;;;;
;Madsen;Lisbeth Bügel ;Domstolsstyrelsen, bestyrelsesmedlem;06.08.1967;05.10.2018;;;;;;;
;Vuust;Tine;Domstolsstyrelsen, bestyrelsesmedlem;22.06.1964;07.01.2019;;;;;;;
;Kristiansen;Jens;Domstolsstyrelsen, bestyrelsesmedlem;10.02.1962;07.01.2019;;;;;;;
;Urskov;Peter Ulrik;Domstolsstyrelsen, bestyrelsens næstformand ;27.06.1965;29.12.2017;;;;;;;
;Jakobsen;Søren Sandfeld;Domstolsstyrelsen, bestyrelsesmedlem;26.07.1967;02.02.2018;;;;;;;
;Jensen;Anne Berg ;Domstolsstyrelsen, bestyrelsesmedlem;08.05.1969;01.01.2021;;;;;;;
;Hertz;Kristian;Domstolsstyrelsen, direktør;12.03.1978;14.06.2017;;;;;;;
;Gulisano;Cristina Angela;Datatilsynet, direktør;02.06.1972;29.12.2017;;;;;;;
;Fogde;Thorkild ;Rigspolitiet, Rigspolitichef ;18.07.1965;05.10.2020;;;;;;;
;Zilmer ;Lisbet ;Styrelsen for Forsyningssikkerhed, direktør ;14.08.1965;05.10.2020;;;;;;;
Kirkeministeriets koncern;Reckendorff ;Jan Frank ;Rigsadvokaten, Rigsadvokat ;19.08.1957;05.10.2020;;;;;;;
;Eliasen ;Ina;Direktoratet for Kriminalforsorgen, direktør ;02.08.1968;05.10.2020;;;;;;;
Kulturministeriets koncern;;;;;;;;;;;;
;Ingen styrelser etc.;;;;;;;;;;;
;;;;;;;;;;;;
Miljø- og Fødevareministeriet;Jensen;Anne-Sofie;Rigsarkivet, rigsarkivar;22.02.1972;07.01.2019;;;;;;;
;Hermansen;Jesper;Slots- og Kulturstyrelsen, direktør;04.03.1960;29.12.2017;;;;;;;
;;;;;;;;;;;;
;Hindkjær;Lars;Miljøstyrelsen, direktør;19.07.1954;29.12.2017;;;;;;;
;Veje;Nikolaj ;Fødevarestyrelsen, direktør;18.05.1969;28.09.2020;;;;;;;
;Petersen;Jette;Landbrugsstyrelsen, direktør;28.12.1966;29.12.2017;;;;;;;
Skatteministeriet;Ilsøe;Peter;Naturstyrelsen, direktør;06.10.1962;29.12.2017;;;;;;;
;Møller;Nanna;Fiskeristyrelsen, direktør;18.04.1968;29.12.2017;;;;;;;
;;;;;;;;;;;;
;Agergaard;Merete;Skattestyrelsen, direktør;19.12.1967;29.12.2017;;;;;;;
;Dorph;Anders;Spillemyndigheden, direktør;20.01.1969;02.11.2020;;;;;;;
;Gotfredsen;Niels;Udvikling og Forenklingsstyrelsen, direktør;24.03.1969;01.01.2021;;;;;;;
;Jensen;Winnie Helene;Skatteankestyrelsen, direktør;30.03.1958;07.01.2019;;;;;;;
;Larsen;Claus Henrik;Administrations- og Servicestyrelsen, direktør;31.10.1962;29.12.2017;;;;;;;
;Lemvigh;Lars Nordahl;Gældstyrelsen, direktør;04.11.1964;29.12.2017;;;;;;;
;Møller;Charlotte;Toldstyrelsen, direktør;24.12.1962;29.12.2017;;;;;;;
;Nielsen;Signe Friberg;Medarbejder- og Kompetencestyrelsen, direktør;28.02.1953;09.11.2020;;;;;;;
Sundheds- og Ældreministeriet;Rasmussen;Jørgen;Motorstyrelsen, direktør;27.04.1968;09.11.2020;;;;;;;
;Taankvist;Poul ;Vurderingsstyrelsen, direktør (tidl. Økonomistyrelsen);23.06.1969;05.05.2021;;;;;;;
;;;;;;;;;;;;
;Brostrøm;Søren;Sundhedsstyrelsen, direktør;04.06.1965;29.12.2017;;;;;;;
;Nielsen;Lars Bo;Lægemiddelstyrelsen, direktør;08.09.1964;16.08.2021;;;;;;;
;Petri;Anette Lykke;Styrelsen for Patientsikkerhed, direktør;03.02.1968;15.06.2020;;;;;;;
;Jakobsen;Lizzi Krarup;Styrelsen for Patientklager, direktør;25.10.1967;12.07.2018;;;;;;;
Transport- og Boligministeriet;Nielsen;Lisbeth;Sundhedsdatastyrelsen, direktør;18.09.1970;29.12.2017;;;;;;;
;Ullum;Henrik ;Statens Serum Institut, administrerende direktør;20.03.1966;01.12.2020;;;;;;;
;;;;;;;;;;;;
;Hansen;Carsten Falk;Trafik-, Bygge- og Boligstyrelsen, direktør;09.05.1964;29.12.2017;;;;;;;
;Iversen;Hakon;Banedanmark, administrerende direktør;27.04.1973;17.04.2020;;;;;;;
;Holmboe;Jens;Vejdirektoratet, vejdirektør;28.12.1964;29.12.2017;;;;;;;
Uddannelses- og Forskningsministeriet;Lassen;Rasmus Brandt;Bygningsstyrelsen, direktør;26.06.1971;10.07.2018;;;;;;;
;Søsted;Stefan;Færdselsstyrelsen, direktør;14.11.1977;15.06.2020;;;;;;;
Udenrigsministeriet;;;;;;;;;;;;
;Pedersen;Hans Müller;Styrelsen for Forskning og Uddannelse og Styrelsen for Institutioner og Uddannelsesstøtte, direktør;18.04.1958;29.12.2017;;;;;;;
Udlændinge- og Integrationsministeriet;;;;;;;;;;;;
;Ingen styrelser etc.;;;;;;;;;;;
;;;;;;;;;;;;
;Larsen;Niels Henrik;Udlændingestyrelsen, direktør;06.05.1968;07.01.2019;;;;;;;
Undervisningsministeriets koncern;Thygesen;Trine Rask ;Styrelsen for International Rekruttering og Integration, direktør;18.09.1970;06.04.2021;;;;;;;
;Nilas;Claes;Hjemrejsestyrelsen, direktør ;30.04.1957;17.04.2020;;;;;;;
;;;;;;;;;;;;
Direktør, vicedirektør og medlem af bestyrelsen eller person med tilsvarende hverv i en international organisation, jf, § 2, stk. 1, nr. 8, litra h;Albertsen;Julie Elm Vig ;Styrelsen for Undervisning og Kvalitet, direktør;08.08.1980;09.10.2020;;;;;;;
Udpeget af Energi-, Forsynings- og Klimaministeriet;Fredenslund;Thomas;Styrelsen for IT og Læring, direktør;15.12.1968;29.12.2017;;;;;;;
Udpeget af Erhvervsministeriet;;;;;;;;;;;;
;;;;;;;;;;;;
;;;;;;;;;;;;
;Sonne;Julie;Bestyrelsesmedlem i European Investment Bank (EIB) og Nordic Investment Bank (NIB);13.12.1978;29.12.2017;;;;;;;
Udpeget af Miljø- og Fødevareministeriet;Hauptmann;Andreas Rahlf ;Bestyrelsesmedlem i Nordisk Innovation;14.02.1979;20.10.2020;;;;;;;
;Nordseth;Andreas;"Formand for ""Consultive Shipping Group"" og bestyrelsesmedlem i EU's søsikkerhedsagentur (EMSA)";11.03.1960;29.12.2017;;;;;;;
Udpeget af Skatteministeriet;;;;;;;;;;;;
;Svenningsen;Søren Bukh;Bestyrelsesmedlem i Nordic Environment Finance Corporation (NEFCO);23.06.1960;29.12.2017;;;;;;;
Udpeget af Sundheds- og Ældreministeriet;;;;;;;;;;;;
;Andersen;Erling;Medlem af Executive Council i IOTA - Intra-European Organization of Tax Administrations;11.02.1958;29.12.2017;;;;;;;
;;;;;;;;;;;;
;Petersen;Lars;Bestyrelsesmedlem i Det Europæiske Overvågningscenter for Narkotika og Narkotikamisbrug (European Monitoring Centre for Drugs and Drug Addiction - EMCDDA);15.11.1967;29.12.2017;;;;;;;
;Senderovitz;Thomas;Bestyrelsesmedlem i Det Europæiske Lægemiddelagentur (EMA), Management Board;12.11.1965;29.12.2017;;;;;;;
;Melbye;Mads;Bestyrelsesformand for WHO's International Agency for Research on Cancer (IARC);23.03.1956;29.12.2017;;;;;;;
;Søborg;Bolette;Bestyrelsesmedlem i Det Europæiske Center for Forebyggelse af og Kontrol med Sygdomme (European Centre for Disease Prevention and Control - ECDC);29.06.1969;29.12.2017;;;;;;;
Udpeget af Uddannelses- og Forskningsministeriet;Brostrøm;Søren;Medlem af WHOs regionale bestyrelse for Europa (Standing Committee of the Regional Committee, SCRC) siden september 2017.             ;04.06.1965;12.07.2018;;;;;;;
;Mølbak;Kåre;Commissions advisory panel on COVID-19, member /Individual expert appointed in his/her personal capacity;24.09.1955;14.05.2020;;;;;;;
;;;;;;;;;;;;
;Mogensen;Johnny K.;Bestyrelsesmedlem i Nordforsk;08.11.1967;09.11.2020;;;;;;;
;Kühl;Jørgen;Bestyrelsesformand i European Centre for Minority Issues;20.10.1965;29.12.2017;;;;;;;
;Jørgensen;Stine;Bestyrelsesmedlem i European Centre for Minority Issues;19.03.1974;09.11.2020;;;;;;;
Udpeget af Udlændinge- og Integrationsministeriet;Schmidt;Garbi;Bestyrelsesmedlem i European Centre for Minority Issues;20.03.1969;29.12.2017;;;;;;;
;Leidekker;Marco;Bestyrelsesmedlem i European Centre for Minority Issues;24.08.1968;09.11.2020;;;;;;;
;;;;;;;;;;;;
;Andersen;Hanne Stig;Bestyrelsesmedlem for EU-Lisa;26.08.1969;27.02.2020;;;;;;;
;Ankerstjerne;Henrik;Bestyrelsesmedlem for det europæiske asylagentur (EASO);16.06.1961;29.12.2017;;;;;;;
;Laursen;Helga Lund;Bestyrelsesmedlem for Frontex;09.03.1980;30.10.2018;;;;;;;
;;;;;;;;;;;;
;;;;;;;;;;;;
;;;;;;;;;;;;
;;;;;;;;;;;;
;;;;;;;;;;;;
;;;;;;;;;;;;
;;;;;;;;;;;;
;;;;;;;;;;;;
;;;;;;;;;;;;
;;;;;;;;;;;;
;;;;;;;;;;;;
;;;;;;;;;;;;
;;;;;;;;;;;;
;;;;;;;;;;;;
;;;;;;;;;;;;
;;;;;;;;;;;;
;;;;;;;;;;;;
;;;;;;;;;;;;
;;;;;;;;;;;;
;;;;;;;;;;;;
